indicator_name,theme,aggregation_function,numerator_condition,denominator_condition,disaggregation,excludeDisaggregation
indexrem,pobreza,pct,indexrem==1,!is.na(indexrem),"sex,ethnicity,area,isoalpha3,year","disability,migration quintile,migration ethnicity,migration disability,quintile ethnicity,area,quintile quintile,ethnicity ethnicity,disability migration,area"
ylmfem_ch,pobreza,mean,shareylmfem_ch,jefe_ci==1 & !is.na(shareylmfem_ch),"ethnicity,area,isoalpha3,year","disability,migration quintile,migration ethnicity,migration disability,quintile ethnicity,area,quintile quintile,ethnicity ethnicity,disability migration,area"
pobreza31,pobreza,pct,"income_category==""extreme""",!is.na(income_category),"sex,ethnicity,area,age_scl,migration,disability,isoalpha3,year","disability,migration quintile,migration ethnicity,migration disability,quintile ethnicity,area,quintile quintile,ethnicity ethnicity,disability migration,area age_scl,area,migration age_scl,migration age_scl,ethnicity"
pobreza,pobreza,pct,"income_category==""poverty""",!is.na(income_category),"sex,ethnicity,area,age_scl,migration,disability,isoalpha3,year","disability,migration quintile,migration ethnicity,migration disability,quintile ethnicity,area,quintile quintile,ethnicity ethnicity,disability migration,area age_scl,area,migration age_scl,migration age_scl,ethnicity"
vulnerable,pobreza,pct,"income_category==""vulnerable""",!is.na(income_category),"sex,ethnicity,area,age_scl,migration,disability,isoalpha3,year","disability,migration quintile,migration ethnicity,migration disability,quintile ethnicity,area,quintile quintile,ethnicity ethnicity,disability migration,area age_scl,area,migration age_scl,migration age_scl,ethnicity"
middle,pobreza,pct,"income_category==""middle""",!is.na(income_category),"sex,ethnicity,area,age_scl,migration,disability,isoalpha3,year","disability,migration quintile,migration ethnicity,migration disability,quintile ethnicity,area,quintile quintile,ethnicity ethnicity,disability migration,area age_scl,area,migration age_scl,migration age_scl,ethnicity"
rich,pobreza,pct,"income_category==""rich""",!is.na(income_category),"sex,ethnicity,area,age_scl,migration,disability,isoalpha3,year","disability,migration quintile,migration ethnicity,migration disability,quintile ethnicity,area,quintile quintile,ethnicity ethnicity,disability migration,area age_scl,area,migration age_scl,migration age_scl,ethnicity"
aguadisp_ch,wash,pct,(aguadisp1_ch==1 | (aguadisp1_ch ==9 & (aguadisp2_ch ==2 | aguadisp2_ch ==3))) & (jefe_ci==1),jefe_ci==1,"area,quintile,ethnicity,disability,migration,isoalpha3,year","disability,migration quintile,migration ethnicity,migration disability,quintile ethnicity,area,quintile quintile,ethnicity ethnicity,disability migration,area"
aguadispcontinuo_ch,wash,pct,(aguadisp2_ch == 3) & (jefe_ci==1),jefe_ci==1,"area,quintile,ethnicity,disability,migration,isoalpha3,year","disability,migration quintile,migration ethnicity,migration disability,quintile ethnicity,area,quintile quintile,ethnicity ethnicity,disability migration,area"
aguadispnulo_ch,wash,pct,(aguadisp1_ch == 9) & (aguadisp2_ch == 9) & (jefe_ci==1),jefe_ci==1,"area,quintile,ethnicity,disability,migration,isoalpha3,year","disability,migration quintile,migration ethnicity,migration disability,quintile ethnicity,area,quintile quintile,ethnicity ethnicity,disability migration,area"
aguafcamion_ch,wash,pct,(aguafuente_ch == 6) & (jefe_ci==1),jefe_ci==1,"area,quintile,ethnicity,disability,migration,isoalpha3,year","disability,migration quintile,migration ethnicity,migration disability,quintile ethnicity,area,quintile quintile,ethnicity ethnicity,disability migration,area"
aguafcamioncon_ch,wash,pct,(aguafconsumo_ch == 6) & (jefe_ci==1),jefe_ci==1,"area,quintile,ethnicity,disability,migration,isoalpha3,year","disability,migration quintile,migration ethnicity,migration disability,quintile ethnicity,area,quintile quintile,ethnicity ethnicity,disability migration,area"
aguafconnulo_ch,wash,pct,(aguafconsumo_ch == 0) & (jefe_ci==1),jefe_ci==1,"area,quintile,ethnicity,disability,migration,isoalpha3,year","disability,migration quintile,migration ethnicity,migration disability,quintile ethnicity,area,quintile quintile,ethnicity ethnicity,disability migration,area"
aguafdesconcon_ch,wash,pct,(aguafconsumo_ch == 10) & (jefe_ci==1),jefe_ci==1,"area,quintile,ethnicity,disability,migration,isoalpha3,year","disability,migration quintile,migration ethnicity,migration disability,quintile ethnicity,area,quintile quintile,ethnicity ethnicity,disability migration,area"
aguafdesconocido_ch,wash,pct,(aguafuente_ch == 10) & (jefe_ci==1),jefe_ci==1,"area,quintile,ethnicity,disability,migration,isoalpha3,year","disability,migration quintile,migration ethnicity,migration disability,quintile ethnicity,area,quintile quintile,ethnicity ethnicity,disability migration,area"
aguafembotcon_ch,wash,pct,(aguafconsumo_ch == 3) & (jefe_ci==1),jefe_ci==1,"area,quintile,ethnicity,disability,migration,isoalpha3,year","disability,migration quintile,migration ethnicity,migration disability,quintile ethnicity,area,quintile quintile,ethnicity ethnicity,disability migration,area"
aguafembotellada_ch,wash,pct,(aguafuente_ch == 3) & (jefe_ci==1),jefe_ci==1,"area,quintile,ethnicity,disability,migration,isoalpha3,year","disability,migration quintile,migration ethnicity,migration disability,quintile ethnicity,area,quintile quintile,ethnicity ethnicity,disability migration,area"
aguaflluvia_ch,wash,pct,(aguafuente_ch == 5) & (jefe_ci==1),jefe_ci==1,"area,quintile,ethnicity,disability,migration,isoalpha3,year","disability,migration quintile,migration ethnicity,migration disability,quintile ethnicity,area,quintile quintile,ethnicity ethnicity,disability migration,area"
aguaflluviacon_ch,wash,pct,(aguafconsumo_ch == 5) & (jefe_ci==1),jefe_ci==1,"area,quintile,ethnicity,disability,migration,isoalpha3,year","disability,migration quintile,migration ethnicity,migration disability,quintile ethnicity,area,quintile quintile,ethnicity ethnicity,disability migration,area"
aguafmejorada_ch,wash,pct,(aguamejorada_ch == 1) & (jefe_ci==1),jefe_ci==1,"area,quintile,ethnicity,disability,migration,isoalpha3,year","disability,migration quintile,migration ethnicity,migration disability,quintile ethnicity,area,quintile quintile,ethnicity ethnicity,disability migration,area"
aguafmejoradacon_ch,wash,pct,(aguafconsumo_ch >= 1 & aguafconsumo_ch <= 7) & (jefe_ci==1),jefe_ci==1,"area,quintile,ethnicity,disability,migration,isoalpha3,year","disability,migration quintile,migration ethnicity,migration disability,quintile ethnicity,area,quintile quintile,ethnicity ethnicity,disability migration,area"
aguafnmcon_ch,wash,pct,(aguafconsumo_ch == 8 | aguafconsumo_ch == 9)  & (jefe_ci==1),jefe_ci==1,"area,quintile,ethnicity,disability,migration,isoalpha3,year","disability,migration quintile,migration ethnicity,migration disability,quintile ethnicity,area,quintile quintile,ethnicity ethnicity,disability migration,area"
aguafnomejorada_ch,wash,pct,(aguamala_ch == 1) & (jefe_ci==1),jefe_ci==1,"area,quintile,ethnicity,disability,migration,isoalpha3,year","disability,migration quintile,migration ethnicity,migration disability,quintile ethnicity,area,quintile quintile,ethnicity ethnicity,disability migration,area"
aguafotramej_ch,wash,pct,aguafuente_ch == 7 & (jefe_ci==1),jefe_ci==1,"area,quintile,ethnicity,disability,migration,isoalpha3,year","disability,migration quintile,migration ethnicity,migration disability,quintile ethnicity,area,quintile quintile,ethnicity ethnicity,disability migration,area"
aguafotramejcon_ch,wash,pct,aguafconsumo_ch == 7 & (jefe_ci==1),jefe_ci==1,"area,quintile,ethnicity,disability,migration,isoalpha3,year","disability,migration quintile,migration ethnicity,migration disability,quintile ethnicity,area,quintile quintile,ethnicity ethnicity,disability migration,area"
aguafotranm_ch,wash,pct,(aguafuente_ch == 9) & (jefe_ci==1),jefe_ci==1,"area,quintile,ethnicity,disability,migration,isoalpha3,year","disability,migration quintile,migration ethnicity,migration disability,quintile ethnicity,area,quintile quintile,ethnicity ethnicity,disability migration,area"
aguafotranmcon_ch,wash,pct,aguafconsumo_ch == 9 & (jefe_ci==1),jefe_ci==1,"area,quintile,ethnicity,disability,migration,isoalpha3,year","disability,migration quintile,migration ethnicity,migration disability,quintile ethnicity,area,quintile quintile,ethnicity ethnicity,disability migration,area"
aguafpozoprot_ch,wash,pct,aguafuente_ch == 4 & (jefe_ci==1),jefe_ci==1,"area,quintile,ethnicity,disability,migration,isoalpha3,year","disability,migration quintile,migration ethnicity,migration disability,quintile ethnicity,area,quintile quintile,ethnicity ethnicity,disability migration,area"
aguafpozoprotcon_ch,wash,pct,aguafconsumo_ch == 4 & (jefe_ci==1),jefe_ci==1,"area,quintile,ethnicity,disability,migration,isoalpha3,year","disability,migration quintile,migration ethnicity,migration disability,quintile ethnicity,area,quintile quintile,ethnicity ethnicity,disability migration,area"
aguafpublico_ch,wash,pct,aguafuente_ch == 2 & (jefe_ci==1),jefe_ci==1,"area,quintile,ethnicity,disability,migration,isoalpha3,year","disability,migration quintile,migration ethnicity,migration disability,quintile ethnicity,area,quintile quintile,ethnicity ethnicity,disability migration,area"
aguafpublicocon_ch,wash,pct,aguafconsumo_ch == 2 & (jefe_ci==1),jefe_ci==1,"area,quintile,ethnicity,disability,migration,isoalpha3,year","disability,migration quintile,migration ethnicity,migration disability,quintile ethnicity,area,quintile quintile,ethnicity ethnicity,disability migration,area"
aguafred_ch,wash,pct,aguafuente_ch == 1 & (jefe_ci==1),jefe_ci==1,"area,quintile,ethnicity,disability,migration,isoalpha3,year","disability,migration quintile,migration ethnicity,migration disability,quintile ethnicity,area,quintile quintile,ethnicity ethnicity,disability migration,area"
aguafredcon_ch,wash,pct,aguafconsumo_ch == 1 & (jefe_ci==1),jefe_ci==1,"area,quintile,ethnicity,disability,migration,isoalpha3,year","disability,migration quintile,migration ethnicity,migration disability,quintile ethnicity,area,quintile quintile,ethnicity ethnicity,disability migration,area"
aguafsupercon_ch,wash,pct,aguafconsumo_ch == 8 & (jefe_ci==1),jefe_ci==1,"area,quintile,ethnicity,disability,migration,isoalpha3,year","disability,migration quintile,migration ethnicity,migration disability,quintile ethnicity,area,quintile quintile,ethnicity ethnicity,disability migration,area"
aguafsuperficial_ch,wash,pct,aguafuente_ch == 8 & (jefe_ci==1),jefe_ci==1,"area,quintile,ethnicity,disability,migration,isoalpha3,year","disability,migration quintile,migration ethnicity,migration disability,quintile ethnicity,area,quintile quintile,ethnicity ethnicity,disability migration,area"
aguamide_ch,wash,pct,aguamide_ch == 1 & (jefe_ci==1),jefe_ci==1,"area,quintile,ethnicity,disability,migration,isoalpha3,year","disability,migration quintile,migration ethnicity,migration disability,quintile ethnicity,area,quintile quintile,ethnicity ethnicity,disability migration,area"
aguatrat_ch,wash,pct,aguatrat_ch == 1 & (jefe_ci==1),jefe_ci==1,"area,quintile,ethnicity,disability,migration,isoalpha3,year","disability,migration quintile,migration ethnicity,migration disability,quintile ethnicity,area,quintile quintile,ethnicity ethnicity,disability migration,area"
jmpaguasegura_ch,wash,pct,"aguafuente_ch >= 1 & aguafuente_ch <= 7 & 
                                 (aguadisp1_ch == 1 | (aguadisp1_ch == 9 & 
                                                              (aguadisp2_ch == 2 | aguadisp2_ch == 3))) &
                                 (aguadist_ch == 1 | aguadist_ch == 2) & (jefe_ci==1)",jefe_ci==1,"area,quintile,ethnicity,disability,migration,isoalpha3,year","disability,migration quintile,migration ethnicity,migration disability,quintile ethnicity,area,quintile quintile,ethnicity ethnicity,disability migration,area"
jmpconaguasegura_ch,wash,pct,"(aguafconsumo_ch >= 1 & aguafconsumo_ch <= 7) & 
                                    (aguadisp1_ch == 1 | (aguadisp1_ch == 9 & 
                                                                 (aguadisp2_ch == 2 | aguadisp2_ch == 3))) &
                                    (aguadist_ch == 1 | aguadist_ch == 2) & (jefe_ci==1)",jefe_ci==1,"area,quintile,ethnicity,disability,migration,isoalpha3,year","disability,migration quintile,migration ethnicity,migration disability,quintile ethnicity,area,quintile quintile,ethnicity ethnicity,disability migration,area"
nosanairelibre_ch,wash,pct,sinbano_ch == 2 & (jefe_ci==1),jefe_ci==1,"area,quintile,ethnicity,disability,migration,isoalpha3,year","disability,migration quintile,migration ethnicity,migration disability,quintile ethnicity,area,quintile quintile,ethnicity ethnicity,disability migration,area"
nosandesc_ch,wash,pct,sinbano_ch == 3 & (jefe_ci==1),jefe_ci==1,"area,quintile,ethnicity,disability,migration,isoalpha3,year","disability,migration quintile,migration ethnicity,migration disability,quintile ethnicity,area,quintile quintile,ethnicity ethnicity,disability migration,area"
nosanvecino_ch,wash,pct,sinbano_ch == 1 & (jefe_ci==1),jefe_ci==1,"area,quintile,ethnicity,disability,migration,isoalpha3,year","disability,migration quintile,migration ethnicity,migration disability,quintile ethnicity,area,quintile quintile,ethnicity ethnicity,disability migration,area"
sanambiente,wash,pct,bano_ch == 4 & (jefe_ci==1),jefe_ci==1,"area,quintile,ethnicity,disability,migration,isoalpha3,year","disability,migration quintile,migration ethnicity,migration disability,quintile ethnicity,area,quintile quintile,ethnicity ethnicity,disability migration,area"
sandesconocido_ch,wash,pct,bano_ch == 6 & (jefe_ci==1),jefe_ci==1,"area,quintile,ethnicity,disability,migration,isoalpha3,year","disability,migration quintile,migration ethnicity,migration disability,quintile ethnicity,area,quintile quintile,ethnicity ethnicity,disability migration,area"
sanexclusivo_ch,wash,pct,banoex_ch == 1 & (jefe_ci==1),jefe_ci==1,"area,quintile,ethnicity,disability,migration,isoalpha3,year","disability,migration quintile,migration ethnicity,migration disability,quintile ethnicity,area,quintile quintile,ethnicity ethnicity,disability migration,area"
sanexclusivonulo_ch,wash,pct,banoex_ch == 9 & (jefe_ci==1),jefe_ci==1,"area,quintile,ethnicity,disability,migration,isoalpha3,year","disability,migration quintile,migration ethnicity,migration disability,quintile ethnicity,area,quintile quintile,ethnicity ethnicity,disability migration,area"
sanmejorado_ch,wash,pct,(bano_ch >= 1 & bano_ch <= 3) & (jefe_ci==1),jefe_ci==1,"area,quintile,ethnicity,disability,migration,isoalpha3,year","disability,migration quintile,migration ethnicity,migration disability,quintile ethnicity,area,quintile quintile,ethnicity ethnicity,disability migration,area"
sannomejorado_ch,wash,pct,(bano_ch >= 4 & bano_ch <= 5) & (jefe_ci==1),jefe_ci==1,"area,quintile,ethnicity,disability,migration,isoalpha3,year","disability,migration quintile,migration ethnicity,migration disability,quintile ethnicity,area,quintile quintile,ethnicity ethnicity,disability migration,area"
sanotramejorado_ch,wash,pct,(bano_ch == 3) & (jefe_ci==1),jefe_ci==1,"area,quintile,ethnicity,disability,migration,isoalpha3,year","disability,migration quintile,migration ethnicity,migration disability,quintile ethnicity,area,quintile quintile,ethnicity ethnicity,disability migration,area"
sanotranm_ch,wash,pct,(bano_ch == 5) & (jefe_ci==1),jefe_ci==1,"area,quintile,ethnicity,disability,migration,isoalpha3,year","disability,migration quintile,migration ethnicity,migration disability,quintile ethnicity,area,quintile quintile,ethnicity ethnicity,disability migration,area"
sanred_ch,wash,pct,(bano_ch == 1) & (jefe_ci==1),jefe_ci==1,"area,quintile,ethnicity,disability,migration,isoalpha3,year","disability,migration quintile,migration ethnicity,migration disability,quintile ethnicity,area,quintile quintile,ethnicity ethnicity,disability migration,area"
sanseptic_ch,wash,pct,(bano_ch == 2) & (jefe_ci==1),jefe_ci==1,"area,quintile,ethnicity,disability,migration,isoalpha3,year","disability,migration quintile,migration ethnicity,migration disability,quintile ethnicity,area,quintile quintile,ethnicity ethnicity,disability migration,area"
sinsan_ch,wash,pct,(bano_ch == 0) & (jefe_ci==1),jefe_ci==1,"area,quintile,ethnicity,disability,migration,isoalpha3,year","disability,migration quintile,migration ethnicity,migration disability,quintile ethnicity,area,quintile quintile,ethnicity ethnicity,disability migration,area"
sanambiente_ch,wash,pct,(bano_ch == 4) & (jefe_ci==1),jefe_ci==1,"area,quintile,ethnicity,disability,migration,isoalpha3,year","disability,migration quintile,migration ethnicity,migration disability,quintile ethnicity,area,quintile quintile,ethnicity ethnicity,disability migration,area"
aguared_ch,wash,pct,(aguared_ch == 1) & (jefe_ci==1),jefe_ci==1,"area,quintile,ethnicity,disability,migration,isoalpha3,year","disability,migration quintile,migration ethnicity,migration disability,quintile ethnicity,area,quintile quintile,ethnicity ethnicity,disability migration,area"
auto_ch,vivienda,pct,auto_ch==1 & jefe_ci==1 ,jefe_ci==1 &!is.na(auto_ch),"area,ethnicity,migration,isoalpha3,year","disability,migration quintile,migration ethnicity,migration disability,quintile ethnicity,area,quintile quintile,ethnicity ethnicity,disability migration,area"
cel_ch,vivienda,pct,cel_ch==1 & jefe_ci==1 ,jefe_ci==1 &!is.na(cel_ch),"area,ethnicity,migration,isoalpha3,year","disability,migration quintile,migration ethnicity,migration disability,quintile ethnicity,area,quintile quintile,ethnicity ethnicity,disability migration,area"
dirtf_ch,vivienda,pct,piso_ch == 0 & jefe_ci==1 ,jefe_ci==1 &!is.na(piso_ch),"area,ethnicity,migration,isoalpha3,year","disability,migration quintile,migration ethnicity,migration disability,quintile ethnicity,area,quintile quintile,ethnicity ethnicity,disability migration,area"
estable_ch,vivienda,pct,viviprop_ch <= 2 & jefe_ci==1 ,jefe_ci==1 &!is.na(viviprop_ch),"area,ethnicity,migration,isoalpha3,year","disability,migration quintile,migration ethnicity,migration disability,quintile ethnicity,area,quintile quintile,ethnicity ethnicity,disability migration,area"
hacinamiento_ch,vivienda,mean,hacinamiento_ch,jefe_ci==1 &!is.na(hacinamiento_ch) ,"area,ethnicity,migration,isoalpha3,year","disability,migration quintile,migration ethnicity,migration disability,quintile ethnicity,area,quintile quintile,ethnicity ethnicity,disability migration,area"
internet_ch,vivienda,pct,internet_ch==1 & jefe_ci==1 ,jefe_ci==1 &!is.na(internet_ch),"area,ethnicity,migration,isoalpha3,year","disability,migration quintile,migration ethnicity,migration disability,quintile ethnicity,area,quintile quintile,ethnicity ethnicity,disability migration,area"
luz_ch,vivienda,pct,luz_ch ==1 & jefe_ci==1 ,jefe_ci==1 &!is.na(luz_ch),"area,ethnicity,migration,isoalpha3,year","disability,migration quintile,migration ethnicity,migration disability,quintile ethnicity,area,quintile quintile,ethnicity ethnicity,disability migration,area"
parednp_ch,vivienda,pct,pared_ch == 0 & jefe_ci==1 ,jefe_ci==1 &!is.na(pared_ch),"area,ethnicity,migration,isoalpha3,year","disability,migration quintile,migration ethnicity,migration disability,quintile ethnicity,area,quintile quintile,ethnicity ethnicity,disability migration,area"
refrig_ch,vivienda,pct,(refrig_ch == 1 | freez_ch == 1) & jefe_ci==1 ,jefe_ci==1 &!is.na(refrig_ch ),"area,ethnicity,migration,isoalpha3,year","disability,migration quintile,migration ethnicity,migration disability,quintile ethnicity,area,quintile quintile,ethnicity ethnicity,disability migration,area"
techonp_ch,vivienda,pct,techo_ch == 0 & jefe_ci==1 ,jefe_ci==1 &!is.na(techo_ch),"area,ethnicity,migration,isoalpha3,year","disability,migration quintile,migration ethnicity,migration disability,quintile ethnicity,area,quintile quintile,ethnicity ethnicity,disability migration,area"
ampl_ch,demografia,pct,clasehog_ch==3 & jefe_ci ==1 ,jefe_ci ==1 & !is.na(clasehog_ch),"quintile,area,ethnicity,disability,migration,isoalpha3,year","disability,migration quintile,migration ethnicity,migration disability,quintile ethnicity,area,quintile quintile,ethnicity ethnicity,disability migration,area"
comp_ch,demografia,pct,clasehog_ch==4 & jefe_ci ==1 ,jefe_ci ==1 & !is.na(clasehog_ch),"quintile,area,ethnicity,disability,migration,isoalpha3,year","disability,migration quintile,migration ethnicity,migration disability,quintile ethnicity,area,quintile quintile,ethnicity ethnicity,disability migration,area"
corres_ch,demografia,pct,clasehog_ch==5 & jefe_ci ==1 ,jefe_ci ==1 & !is.na(clasehog_ch),"quintile,area,ethnicity,disability,migration,isoalpha3,year","disability,migration quintile,migration ethnicity,migration disability,quintile ethnicity,area,quintile quintile,ethnicity ethnicity,disability migration,area"
depen_ch,demografia,mean,depen_ch,jefe_ci==1 & !is.na(depen_ch),"quintile,area,ethnicity,disability,migration,isoalpha3,year","disability,migration quintile,migration ethnicity,migration disability,quintile ethnicity,area,quintile quintile,ethnicity ethnicity,disability migration,area"
jefa_ch,demografia,pct,jefa_ch==1,jefe_ci==1 & !is.na(jefa_ch) & !is.na(sexo_ci),"quintile,area,ethnicity,disability,migration,isoalpha3,year","disability,migration quintile,migration ethnicity,migration disability,quintile ethnicity,area,quintile quintile,ethnicity ethnicity,disability migration,area"
jefaecon_ch,demografia,pct,hhfem_ch==1,jefe_ci==1 & !is.na(hhfem_ch) & !is.na(sexo_ci),"quintile,area,ethnicity,disability,migration,isoalpha3,year","disability,migration quintile,migration ethnicity,migration disability,quintile ethnicity,area,quintile quintile,ethnicity ethnicity,disability migration,area"
miembro6_ch,demografia,pct,miembro6_ch==1 & jefe_ci==1,jefe_ci==1 &!is.na(miembro6_ch ),"quintile,area,ethnicity,disability,migration,isoalpha3,year","disability,migration quintile,migration ethnicity,migration disability,quintile ethnicity,area,quintile quintile,ethnicity ethnicity,disability migration,area"
miembro65_ch,demografia,pct,miembro65_ch==1 & jefe_ci==1,jefe_ci==1 & !is.na(miembro65_ch),"quintile,area,ethnicity,disability,migration,isoalpha3,year","disability,migration quintile,migration ethnicity,migration disability,quintile ethnicity,area,quintile quintile,ethnicity ethnicity,disability migration,area"
miembro6y16_ch,demografia,pct,miembro6y16_ch==1 & jefe_ci==1,jefe_ci==1 &!is.na(miembro6y16_ch),"quintile,area,ethnicity,disability,migration,isoalpha3,year","disability,migration quintile,migration ethnicity,migration disability,quintile ethnicity,area,quintile quintile,ethnicity ethnicity,disability migration,area"
nucl_ch,demografia,pct,clasehog_ch==2 & jefe_ci ==1 ,jefe_ci ==1 & !is.na(clasehog_ch),"quintile,area,ethnicity,disability,migration,isoalpha3,year","disability,migration quintile,migration ethnicity,migration disability,quintile ethnicity,area,quintile quintile,ethnicity ethnicity,disability migration,area"
pob18_ci,demografia,pct,pob18_ci==1,!is.na(pob18_ci),"quintile,area,ethnicity,disability,migration,isoalpha3,year","disability,migration quintile,migration ethnicity,migration disability,quintile ethnicity,area,quintile quintile,ethnicity ethnicity,disability migration,area"
pob65_ci,demografia,pct,pob65_ci==1,!is.na(pob65_ci),"sex,quintile,area,ethnicity,disability,migration,isoalpha3,year","disability,migration quintile,migration ethnicity,migration disability,quintile ethnicity,area,quintile quintile,ethnicity ethnicity,disability migration,area"
pobedad_ci,demografia,mean,edad_ci,!is.na(edad_ci),"quintile,area,ethnicity,disability,migration,isoalpha3,year","disability,migration quintile,migration ethnicity,migration disability,quintile ethnicity,area,quintile quintile,ethnicity ethnicity,disability migration,area"
pobfem_ci,demografia,pct,sexo_ci==2,!is.na(sexo_ci),"quintile,area,ethnicity,disability,migration,isoalpha3,year","disability,migration quintile,migration ethnicity,migration disability,quintile ethnicity,area,quintile quintile,ethnicity ethnicity,disability migration,area"
urbano_ci,demografia,pct,zona_c==1,!is.na(zona_c),"sex,quintile,ethnicity,disability,isoalpha3,year","disability,migration quintile,migration ethnicity,migration disability,quintile ethnicity,area,quintile quintile,ethnicity ethnicity,disability migration,area"
rural_ci,demografia,pct,zona_c==0,!is.na(zona_c),"sex,quintile,ethnicity,disability,isoalpha3,year","disability,migration quintile,migration ethnicity,migration disability,quintile ethnicity,area,quintile quintile,ethnicity ethnicity,disability migration,area"
tamh_ch,demografia,mean,nmiembros_ch,jefe_ci==1 & !is.na(nmiembros_ch),"quintile,area,ethnicity,disability,migration,isoalpha3,year","disability,migration quintile,migration ethnicity,migration disability,quintile ethnicity,area,quintile quintile,ethnicity ethnicity,disability migration,area"
union_ci,demografia,pct,civil_ci==2,!is.na(civil_ci),"quintile,area,ethnicity,disability,migration,isoalpha3,year","disability,migration quintile,migration ethnicity,migration disability,quintile ethnicity,area,quintile quintile,ethnicity ethnicity,disability migration,area"
unip_ch,demografia,pct,clasehog_ch==1 & jefe_ci ==1 ,jefe_ci ==1 & !is.na(clasehog_ch),"quintile,area,ethnicity,disability,migration,isoalpha3,year","disability,migration quintile,migration ethnicity,migration disability,quintile ethnicity,area,quintile quintile,ethnicity ethnicity,disability migration,area"
miglac_ci,migracion ,pct,miglac_ci==1,!is.na(miglac_ci==1),"sex,area,ethnicity,isoalpha3,disability,year","disability,migration quintile,migration ethnicity,migration disability,quintile ethnicity,area,quintile quintile,ethnicity ethnicity,disability migration,area"
migrantiguo5_ci,migracion ,pct,migrantiguo5_ci==1,!is.na(migrantiguo5_ci==1),"sex,area,ethnicity,isoalpha3,disability,year","disability,migration quintile,migration ethnicity,migration disability,quintile ethnicity,area,quintile quintile,ethnicity ethnicity,disability migration,area"
migantiguo5_ci,migracion,pct,migantiguo5_ci==1,!is.na(migantiguo5_ci),"sex,area,ethnicity,isoalpha3,disability,year","disability,migration quintile,migration ethnicity,migration disability,quintile ethnicity,area,quintile quintile,ethnicity ethnicity,disability migration,area"
migrante_ci,migracion,pct,migrante_ci==1,!is.na(migrante_ci),"sex,area,ethnicity,isoalpha3,disability,year","disability,migration quintile,migration ethnicity,migration disability,quintile ethnicity,area,quintile quintile,ethnicity ethnicity,disability migration,area"
migrantelac_ci,migracion,pct,migrantelac_ci==1,!is.na(migrantelac_ci),"sex,area,ethnicity,isoalpha3,disability,year","disability,migration quintile,migration ethnicity,migration disability,quintile ethnicity,area,quintile quintile,ethnicity ethnicity,disability migration,area"
dura_desempleo,laboral,mean,durades_ci,condocup_ci==2 &!is.na(durades_ci),"sex,age_lmk,age_15_64_lmk,age_15_29_lmk,quintile,area,ethnicity,disability,migration,isoalpha3,year","disability,migration quintile,migration ethnicity,migration disability,quintile ethnicity,area,quintile quintile,ethnicity ethnicity,disability migration,area age_lmk,migration age_lmk,disability age_lmk,area,ethnicity age_15_64_lmk,migration age_15_64_lmk,disability age_15_64_lmk,area,ethnicity age_15_29_lmk,migration age_15_29_lmk,disability age_15_29_lmk,area,ethnicity age_15_64_lmk,age_15_29_lmk age_15_64_lmk,age_lmk age_15_29_lmk,age_lmk"
empleo_publico,laboral,pct,spublico_ci==1,condocup_ci==1,"sex,age_lmk,age_15_64_lmk,age_15_29_lmk,quintile,area,ethnicity,disability,migration,isoalpha3,year","disability,migration quintile,migration ethnicity,migration disability,quintile ethnicity,area,quintile quintile,ethnicity ethnicity,disability migration,area age_lmk,migration age_lmk,disability age_lmk,area,ethnicity age_15_64_lmk,migration age_15_64_lmk,disability age_15_64_lmk,area,ethnicity age_15_29_lmk,migration age_15_29_lmk,disability age_15_29_lmk,area,ethnicity age_15_64_lmk,age_15_29_lmk age_15_64_lmk,age_lmk age_15_29_lmk,age_lmk"
formalidad_1,laboral,pct,formal_ci==1,pea==1,"sex,age_lmk,age_15_64_lmk,age_15_29_lmk,quintile,area,ethnicity,disability,migration,isoalpha3,year","disability,migration quintile,migration ethnicity,migration disability,quintile ethnicity,area,quintile quintile,ethnicity ethnicity,disability migration,area age_lmk,migration age_lmk,disability age_lmk,area,ethnicity age_15_64_lmk,migration age_15_64_lmk,disability age_15_64_lmk,area,ethnicity age_15_29_lmk,migration age_15_29_lmk,disability age_15_29_lmk,area,ethnicity age_15_64_lmk,age_15_29_lmk age_15_64_lmk,age_lmk age_15_29_lmk,age_lmk"
formalidad_2,laboral,pct,formal_ci==1,condocup_ci==1,"sex,age_lmk,age_15_64_lmk,age_15_29_lmk,quintile,area,ethnicity,disability,migration,isoalpha3,year","disability,migration quintile,migration ethnicity,migration disability,quintile ethnicity,area,quintile quintile,ethnicity ethnicity,disability migration,area age_lmk,migration age_lmk,disability age_lmk,area,ethnicity age_15_64_lmk,migration age_15_64_lmk,disability age_15_64_lmk,area,ethnicity age_15_29_lmk,migration age_15_29_lmk,disability age_15_29_lmk,area,ethnicity age_15_64_lmk,age_15_29_lmk age_15_64_lmk,age_lmk age_15_29_lmk,age_lmk"
formalidad_3,laboral,pct,formal_ci==1 & condocup_ci==1 & categopri_ci==3,condocup_ci==1 & categopri_ci==3,"sex,age_lmk,age_15_64_lmk,age_15_29_lmk,quintile,area,ethnicity,disability,migration,isoalpha3,year","disability,migration quintile,migration ethnicity,migration disability,quintile ethnicity,area,quintile quintile,ethnicity ethnicity,disability migration,area age_lmk,migration age_lmk,disability age_lmk,area,ethnicity age_15_64_lmk,migration age_15_64_lmk,disability age_15_64_lmk,area,ethnicity age_15_29_lmk,migration age_15_29_lmk,disability age_15_29_lmk,area,ethnicity age_15_64_lmk,age_15_29_lmk age_15_64_lmk,age_lmk age_15_29_lmk,age_lmk"
formalidad_4,laboral,pct,formal_ci==1 & condocup_ci==1 & categopri_ci==2,condocup_ci==1 & categopri_ci==2,"sex,age_lmk,age_15_64_lmk,age_15_29_lmk,quintile,area,ethnicity,disability,migration,isoalpha3,year","disability,migration quintile,migration ethnicity,migration disability,quintile ethnicity,area,quintile quintile,ethnicity ethnicity,disability migration,area age_lmk,migration age_lmk,disability age_lmk,area,ethnicity age_15_64_lmk,migration age_15_64_lmk,disability age_15_64_lmk,area,ethnicity age_15_29_lmk,migration age_15_29_lmk,disability age_15_29_lmk,area,ethnicity age_15_64_lmk,age_15_29_lmk age_15_64_lmk,age_lmk age_15_29_lmk,age_lmk"
horas_trabajadas,laboral,mean,horastot_ci,condocup_ci==1 &!is.na(horastot_ci),"sex,age_lmk,age_15_64_lmk,age_15_29_lmk,quintile,area,ethnicity,disability,migration,isoalpha3,year","disability,migration quintile,migration ethnicity,migration disability,quintile ethnicity,area,quintile quintile,ethnicity ethnicity,disability migration,area age_lmk,migration age_lmk,disability age_lmk,area,ethnicity age_15_64_lmk,migration age_15_64_lmk,disability age_15_64_lmk,area,ethnicity age_15_29_lmk,migration age_15_29_lmk,disability age_15_29_lmk,area,ethnicity age_15_64_lmk,age_15_29_lmk age_15_64_lmk,age_lmk age_15_29_lmk,age_lmk"
inglaboral_formales,laboral,mean,ylmpri_ci,pea==1 & condocup_ci==1 & formal_ci==1,"sex,age_lmk,age_15_64_lmk,age_15_29_lmk,quintile,area,ethnicity,disability,migration,isoalpha3,year","disability,migration quintile,migration ethnicity,migration disability,quintile ethnicity,area,quintile quintile,ethnicity ethnicity,disability migration,area age_lmk,migration age_lmk,disability age_lmk,area,ethnicity age_15_64_lmk,migration age_15_64_lmk,disability age_15_64_lmk,area,ethnicity age_15_29_lmk,migration age_15_29_lmk,disability age_15_29_lmk,area,ethnicity age_15_64_lmk,age_15_29_lmk age_15_64_lmk,age_lmk age_15_29_lmk,age_lmk"
inglaboral_informales,laboral,mean,ylmpri_ci,pea==1 & condocup_ci==1 & formal_ci==0,"sex,age_lmk,age_15_64_lmk,age_15_29_lmk,quintile,area,ethnicity,disability,migration,isoalpha3,year","disability,migration quintile,migration ethnicity,migration disability,quintile ethnicity,area,quintile quintile,ethnicity ethnicity,disability migration,area age_lmk,migration age_lmk,disability age_lmk,area,ethnicity age_15_64_lmk,migration age_15_64_lmk,disability age_15_64_lmk,area,ethnicity age_15_29_lmk,migration age_15_29_lmk,disability age_15_29_lmk,area,ethnicity age_15_64_lmk,age_15_29_lmk age_15_64_lmk,age_lmk age_15_29_lmk,age_lmk"
inglaboral_ppp_formales,laboral,mean,ylmpri_ppp,pea==1 & condocup_ci==1 & formal_ci==1,"sex,age_lmk,age_15_64_lmk,age_15_29_lmk,quintile,area,ethnicity,disability,migration,isoalpha3,year","disability,migration quintile,migration ethnicity,migration disability,quintile ethnicity,area,quintile quintile,ethnicity ethnicity,disability migration,area age_lmk,migration age_lmk,disability age_lmk,area,ethnicity age_15_64_lmk,migration age_15_64_lmk,disability age_15_64_lmk,area,ethnicity age_15_29_lmk,migration age_15_29_lmk,disability age_15_29_lmk,area,ethnicity age_15_64_lmk,age_15_29_lmk age_15_64_lmk,age_lmk age_15_29_lmk,age_lmk"
inglaboral_ppp_informales,laboral,mean,ylmpri_ppp,pea==1 & condocup_ci==1 & formal_ci==0,"sex,age_lmk,age_15_64_lmk,age_15_29_lmk,quintile,area,ethnicity,disability,migration,isoalpha3,year","disability,migration quintile,migration ethnicity,migration disability,quintile ethnicity,area,quintile quintile,ethnicity ethnicity,disability migration,area age_lmk,migration age_lmk,disability age_lmk,area,ethnicity age_15_64_lmk,migration age_15_64_lmk,disability age_15_64_lmk,area,ethnicity age_15_29_lmk,migration age_15_29_lmk,disability age_15_29_lmk,area,ethnicity age_15_64_lmk,age_15_29_lmk age_15_64_lmk,age_lmk age_15_29_lmk,age_lmk"
ingreso_hor_prom,laboral,mean,hwage_ci,condocup_ci==1 & !is.na(hwage_ci),"sex,age_lmk,age_15_64_lmk,age_15_29_lmk,quintile,area,ethnicity,disability,migration,isoalpha3,year","disability,migration quintile,migration ethnicity,migration disability,quintile ethnicity,area,quintile quintile,ethnicity ethnicity,disability migration,area age_lmk,migration age_lmk,disability age_lmk,area,ethnicity age_15_64_lmk,migration age_15_64_lmk,disability age_15_64_lmk,area,ethnicity age_15_29_lmk,migration age_15_29_lmk,disability age_15_29_lmk,area,ethnicity age_15_64_lmk,age_15_29_lmk age_15_64_lmk,age_lmk age_15_29_lmk,age_lmk"
ingreso_hor_prom_ppp,laboral,mean,hwage_ppp,condocup_ci==1 &!is.na(hwage_ppp),"sex,age_lmk,age_15_64_lmk,age_15_29_lmk,quintile,area,ethnicity,disability,migration,isoalpha3,year","disability,migration quintile,migration ethnicity,migration disability,quintile ethnicity,area,quintile quintile,ethnicity ethnicity,disability migration,area age_lmk,migration age_lmk,disability age_lmk,area,ethnicity age_15_64_lmk,migration age_15_64_lmk,disability age_15_64_lmk,area,ethnicity age_15_29_lmk,migration age_15_29_lmk,disability age_15_29_lmk,area,ethnicity age_15_64_lmk,age_15_29_lmk age_15_64_lmk,age_lmk age_15_29_lmk,age_lmk"
ingreso_mens_prom,laboral,mean,ylab_ci,pea==1 & condocup_ci==1 & !is.na(ylab_ci) & ylab_ci!=0,"sex,age_lmk,age_15_64_lmk,age_15_29_lmk,quintile,area,ethnicity,disability,migration,isoalpha3,year","disability,migration quintile,migration ethnicity,migration disability,quintile ethnicity,area,quintile quintile,ethnicity ethnicity,disability migration,area age_lmk,migration age_lmk,disability age_lmk,area,ethnicity age_15_64_lmk,migration age_15_64_lmk,disability age_15_64_lmk,area,ethnicity age_15_29_lmk,migration age_15_29_lmk,disability age_15_29_lmk,area,ethnicity age_15_64_lmk,age_15_29_lmk age_15_64_lmk,age_lmk age_15_29_lmk,age_lmk"
ingreso_mens_prom_ppp,laboral,mean,ylab_ppp,pea==1 & condocup_ci==1 & !is.na(ylab_ci) & ylab_ci!=0,"sex,age_lmk,age_15_64_lmk,age_15_29_lmk,quintile,area,ethnicity,disability,migration,isoalpha3,year","disability,migration quintile,migration ethnicity,migration disability,quintile ethnicity,area,quintile quintile,ethnicity ethnicity,disability migration,area age_lmk,migration age_lmk,disability age_lmk,area,ethnicity age_15_64_lmk,migration age_15_64_lmk,disability age_15_64_lmk,area,ethnicity age_15_29_lmk,migration age_15_29_lmk,disability age_15_29_lmk,area,ethnicity age_15_64_lmk,age_15_29_lmk age_15_64_lmk,age_lmk age_15_29_lmk,age_lmk"
ingreso_mens_prom_pri,laboral,mean,ylmpri_ci, pea==1 & condocup_ci==1 & !is.na(ylab_ci) & ylab_ci!=0,"sex,age_lmk,age_15_64_lmk,age_15_29_lmk,quintile,area,ethnicity,disability,migration,isoalpha3,year","disability,migration quintile,migration ethnicity,migration disability,quintile ethnicity,area,quintile quintile,ethnicity ethnicity,disability migration,area age_lmk,migration age_lmk,disability age_lmk,area,ethnicity age_15_64_lmk,migration age_15_64_lmk,disability age_15_64_lmk,area,ethnicity age_15_29_lmk,migration age_15_29_lmk,disability age_15_29_lmk,area,ethnicity age_15_64_lmk,age_15_29_lmk age_15_64_lmk,age_lmk age_15_29_lmk,age_lmk"
ingreso_mens_prom_pri_ppp,laboral,mean,ylmpri_ppp, pea==1 & condocup_ci==1 & !is.na(ylab_ci) & ylab_ci!=0,"sex,age_lmk,age_15_64_lmk,age_15_29_lmk,quintile,area,ethnicity,disability,migration,isoalpha3,year","disability,migration quintile,migration ethnicity,migration disability,quintile ethnicity,area,quintile quintile,ethnicity ethnicity,disability migration,area age_lmk,migration age_lmk,disability age_lmk,area,ethnicity age_15_64_lmk,migration age_15_64_lmk,disability age_15_64_lmk,area,ethnicity age_15_29_lmk,migration age_15_29_lmk,disability age_15_29_lmk,area,ethnicity age_15_64_lmk,age_15_29_lmk age_15_64_lmk,age_lmk age_15_29_lmk,age_lmk"
ocup_suf_salario,laboral,pct,liv_wage==1,!is.na(liv_wage) & condocup_ci==1,"sex,age_lmk,age_15_64_lmk,age_15_29_lmk,quintile,area,ethnicity,disability,migration,isoalpha3,year","disability,migration quintile,migration ethnicity,migration disability,quintile ethnicity,area,quintile quintile,ethnicity ethnicity,disability migration,area age_lmk,migration age_lmk,disability age_lmk,area,ethnicity age_15_64_lmk,migration age_15_64_lmk,disability age_15_64_lmk,area,ethnicity age_15_29_lmk,migration age_15_29_lmk,disability age_15_29_lmk,area,ethnicity age_15_64_lmk,age_15_29_lmk age_15_64_lmk,age_lmk age_15_29_lmk,age_lmk"
pensionista_65_mas,laboral,pct,pensiont_ci==1,"age_lmk==""age_65_mas""","sex,age_lmk,age_15_64_lmk,age_15_29_lmk,quintile,area,ethnicity,disability,migration,isoalpha3,year","disability,migration quintile,migration ethnicity,migration disability,quintile ethnicity,area,quintile quintile,ethnicity ethnicity,disability migration,area age_lmk,migration age_lmk,disability age_lmk,area,ethnicity age_15_64_lmk,migration age_15_64_lmk,disability age_15_64_lmk,area,ethnicity age_15_29_lmk,migration age_15_29_lmk,disability age_15_29_lmk,area,ethnicity age_15_64_lmk,age_15_29_lmk age_15_64_lmk,age_lmk age_15_29_lmk,age_lmk"
pensionista_cont_65_mas,laboral,pct,pension_ci==1,"age_lmk==""age_65_mas""","sex,age_lmk,age_15_64_lmk,age_15_29_lmk,quintile,area,ethnicity,disability,migration,isoalpha3,year","disability,migration quintile,migration ethnicity,migration disability,quintile ethnicity,area,quintile quintile,ethnicity ethnicity,disability migration,area age_lmk,migration age_lmk,disability age_lmk,area,ethnicity age_15_64_lmk,migration age_15_64_lmk,disability age_15_64_lmk,area,ethnicity age_15_29_lmk,migration age_15_29_lmk,disability age_15_29_lmk,area,ethnicity age_15_64_lmk,age_15_29_lmk age_15_64_lmk,age_lmk age_15_29_lmk,age_lmk"
pensionista_nocont_65_mas,laboral,pct,pensionsub_ci==1,"age_lmk==""age_65_mas""","sex,age_lmk,age_15_64_lmk,age_15_29_lmk,quintile,area,ethnicity,disability,migration,isoalpha3,year","disability,migration quintile,migration ethnicity,migration disability,quintile ethnicity,area,quintile quintile,ethnicity ethnicity,disability migration,area age_lmk,migration age_lmk,disability age_lmk,area,ethnicity age_15_64_lmk,migration age_15_64_lmk,disability age_15_64_lmk,area,ethnicity age_15_29_lmk,migration age_15_29_lmk,disability age_15_29_lmk,area,ethnicity age_15_64_lmk,age_15_29_lmk age_15_64_lmk,age_lmk age_15_29_lmk,age_lmk"
pensionista_ocup_65_mas,laboral,pct,pensiont_ci==1,"age_lmk==""age_65_mas"" & condocup_ci==1","sex,age_lmk,age_15_64_lmk,age_15_29_lmk,quintile,area,ethnicity,disability,migration,isoalpha3,year","disability,migration quintile,migration ethnicity,migration disability,quintile ethnicity,area,quintile quintile,ethnicity ethnicity,disability migration,area age_lmk,migration age_lmk,disability age_lmk,area,ethnicity age_15_64_lmk,migration age_15_64_lmk,disability age_15_64_lmk,area,ethnicity age_15_29_lmk,migration age_15_29_lmk,disability age_15_29_lmk,area,ethnicity age_15_64_lmk,age_15_29_lmk age_15_64_lmk,age_lmk age_15_29_lmk,age_lmk"
sal_menor_salmin,laboral,pct,menorwmin==1,condocup_ci==1,"sex,age_lmk,age_15_64_lmk,age_15_29_lmk,quintile,area,ethnicity,disability,migration,isoalpha3,year","disability,migration quintile,migration ethnicity,migration disability,quintile ethnicity,area,quintile quintile,ethnicity ethnicity,disability migration,area age_lmk,migration age_lmk,disability age_lmk,area,ethnicity age_15_64_lmk,migration age_15_64_lmk,disability age_15_64_lmk,area,ethnicity age_15_29_lmk,migration age_15_29_lmk,disability age_15_29_lmk,area,ethnicity age_15_64_lmk,age_15_29_lmk age_15_64_lmk,age_lmk age_15_29_lmk,age_lmk"
salmin_hora,laboral,mean,hsmin_ci,condocup_ci==1 & !is.na(hsmin_ci),"sex,age_lmk,age_15_64_lmk,age_15_29_lmk,quintile,area,ethnicity,disability,migration,isoalpha3,year","disability,migration quintile,migration ethnicity,migration disability,quintile ethnicity,area,quintile quintile,ethnicity ethnicity,disability migration,area age_lmk,migration age_lmk,disability age_lmk,area,ethnicity age_15_64_lmk,migration age_15_64_lmk,disability age_15_64_lmk,area,ethnicity age_15_29_lmk,migration age_15_29_lmk,disability age_15_29_lmk,area,ethnicity age_15_64_lmk,age_15_29_lmk age_15_64_lmk,age_lmk age_15_29_lmk,age_lmk"
salmin_mes,laboral,mean,salmm_ci,pea==1 & condocup_ci==1 & !is.na(salmm_ci),"sex,age_lmk,age_15_64_lmk,age_15_29_lmk,quintile,area,ethnicity,disability,migration,isoalpha3,year","disability,migration quintile,migration ethnicity,migration disability,quintile ethnicity,area,quintile quintile,ethnicity ethnicity,disability migration,area age_lmk,migration age_lmk,disability age_lmk,area,ethnicity age_15_64_lmk,migration age_15_64_lmk,disability age_15_64_lmk,area,ethnicity age_15_29_lmk,migration age_15_29_lmk,disability age_15_29_lmk,area,ethnicity age_15_64_lmk,age_15_29_lmk age_15_64_lmk,age_lmk age_15_29_lmk,age_lmk"
salminhora_ppp,laboral,mean,hsmin_ppp,condocup_ci==1 & !is.na(hsmin_ppp),"sex,age_lmk,age_15_64_lmk,age_15_29_lmk,quintile,area,ethnicity,disability,migration,isoalpha3,year","disability,migration quintile,migration ethnicity,migration disability,quintile ethnicity,area,quintile quintile,ethnicity ethnicity,disability migration,area age_lmk,migration age_lmk,disability age_lmk,area,ethnicity age_15_64_lmk,migration age_15_64_lmk,disability age_15_64_lmk,area,ethnicity age_15_29_lmk,migration age_15_29_lmk,disability age_15_29_lmk,area,ethnicity age_15_64_lmk,age_15_29_lmk age_15_64_lmk,age_lmk age_15_29_lmk,age_lmk"
salminmes_ppp,laboral,mean,salmm_ppp,pea==1 & condocup_ci==1 &!is.na(salmm_ppp),"sex,age_lmk,age_15_64_lmk,age_15_29_lmk,quintile,area,ethnicity,disability,migration,isoalpha3,year","disability,migration quintile,migration ethnicity,migration disability,quintile ethnicity,area,quintile quintile,ethnicity ethnicity,disability migration,area age_lmk,migration age_lmk,disability age_lmk,area,ethnicity age_15_64_lmk,migration age_15_64_lmk,disability age_15_64_lmk,area,ethnicity age_15_29_lmk,migration age_15_29_lmk,disability age_15_29_lmk,area,ethnicity age_15_64_lmk,age_15_29_lmk age_15_64_lmk,age_lmk age_15_29_lmk,age_lmk"
saltotal_menor_salmin,laboral,pct,menorwmin1==1,condocup_ci==1,"sex,age_lmk,age_15_64_lmk,age_15_29_lmk,quintile,area,ethnicity,disability,migration,isoalpha3,year","disability,migration quintile,migration ethnicity,migration disability,quintile ethnicity,area,quintile quintile,ethnicity ethnicity,disability migration,area age_lmk,migration age_lmk,disability age_lmk,area,ethnicity age_15_64_lmk,migration age_15_64_lmk,disability age_15_64_lmk,area,ethnicity age_15_29_lmk,migration age_15_29_lmk,disability age_15_29_lmk,area,ethnicity age_15_64_lmk,age_15_29_lmk age_15_64_lmk,age_lmk age_15_29_lmk,age_lmk"
subempleo,laboral,pct,subemp_ci==1,condocup_ci==1,"sex,age_lmk,age_15_64_lmk,age_15_29_lmk,quintile,area,ethnicity,disability,migration,isoalpha3,year","disability,migration quintile,migration ethnicity,migration disability,quintile ethnicity,area,quintile quintile,ethnicity ethnicity,disability migration,area age_lmk,migration age_lmk,disability age_lmk,area,ethnicity age_15_64_lmk,migration age_15_64_lmk,disability age_15_64_lmk,area,ethnicity age_15_29_lmk,migration age_15_29_lmk,disability age_15_29_lmk,area,ethnicity age_15_64_lmk,age_15_29_lmk age_15_64_lmk,age_lmk age_15_29_lmk,age_lmk"
tasa_administrativo,laboral,pct,administrativo==1,condocup_ci==1,"sex,age_lmk,age_15_64_lmk,age_15_29_lmk,quintile,area,ethnicity,disability,migration,isoalpha3,year","disability,migration quintile,migration ethnicity,migration disability,quintile ethnicity,area,quintile quintile,ethnicity ethnicity,disability migration,area age_lmk,migration age_lmk,disability age_lmk,area,ethnicity age_15_64_lmk,migration age_15_64_lmk,disability age_15_64_lmk,area,ethnicity age_15_29_lmk,migration age_15_29_lmk,disability age_15_29_lmk,area,ethnicity age_15_64_lmk,age_15_29_lmk age_15_64_lmk,age_lmk age_15_29_lmk,age_lmk"
tasa_agro,laboral,pct,agro==1,condocup_ci==1,"sex,age_lmk,age_15_64_lmk,age_15_29_lmk,quintile,area,ethnicity,disability,migration,isoalpha3,year","disability,migration quintile,migration ethnicity,migration disability,quintile ethnicity,area,quintile quintile,ethnicity ethnicity,disability migration,area age_lmk,migration age_lmk,disability age_lmk,area,ethnicity age_15_64_lmk,migration age_15_64_lmk,disability age_15_64_lmk,area,ethnicity age_15_29_lmk,migration age_15_29_lmk,disability age_15_29_lmk,area,ethnicity age_15_64_lmk,age_15_29_lmk age_15_64_lmk,age_lmk age_15_29_lmk,age_lmk"
tasa_antiguedad_1_asal,laboral,pct,t1yrasal==1,pet==1 & condocup_ci==1 & categopri_ci==3,"sex,age_lmk,age_15_64_lmk,age_15_29_lmk,quintile,area,ethnicity,disability,migration,isoalpha3,year","disability,migration quintile,migration ethnicity,migration disability,quintile ethnicity,area,quintile quintile,ethnicity ethnicity,disability migration,area age_lmk,migration age_lmk,disability age_lmk,area,ethnicity age_15_64_lmk,migration age_15_64_lmk,disability age_15_64_lmk,area,ethnicity age_15_29_lmk,migration age_15_29_lmk,disability age_15_29_lmk,area,ethnicity age_15_64_lmk,age_15_29_lmk age_15_64_lmk,age_lmk age_15_29_lmk,age_lmk"
tasa_antiguedad_1_ctapropia,laboral,pct,t1yrctapr==1,pet==1 & condocup_ci==1  & categopri_ci==2,"sex,age_lmk,age_15_64_lmk,age_15_29_lmk,quintile,area,ethnicity,disability,migration,isoalpha3,year","disability,migration quintile,migration ethnicity,migration disability,quintile ethnicity,area,quintile quintile,ethnicity ethnicity,disability migration,area age_lmk,migration age_lmk,disability age_lmk,area,ethnicity age_15_64_lmk,migration age_15_64_lmk,disability age_15_64_lmk,area,ethnicity age_15_29_lmk,migration age_15_29_lmk,disability age_15_29_lmk,area,ethnicity age_15_64_lmk,age_15_29_lmk age_15_64_lmk,age_lmk age_15_29_lmk,age_lmk"
tasa_antiguedad_1_ocup,laboral,pct,t1yr==1,pet==1 & condocup_ci==1,"sex,age_lmk,age_15_64_lmk,age_15_29_lmk,quintile,area,ethnicity,disability,migration,isoalpha3,year","disability,migration quintile,migration ethnicity,migration disability,quintile ethnicity,area,quintile quintile,ethnicity ethnicity,disability migration,area age_lmk,migration age_lmk,disability age_lmk,area,ethnicity age_15_64_lmk,migration age_15_64_lmk,disability age_15_64_lmk,area,ethnicity age_15_29_lmk,migration age_15_29_lmk,disability age_15_29_lmk,area,ethnicity age_15_64_lmk,age_15_29_lmk age_15_64_lmk,age_lmk age_15_29_lmk,age_lmk"
tasa_antiguedad_1a5_asal,laboral,pct,t1a5yrasal==1,pet==1 & condocup_ci==1 & categopri_ci==3,"sex,age_lmk,age_15_64_lmk,age_15_29_lmk,quintile,area,ethnicity,disability,migration,isoalpha3,year","disability,migration quintile,migration ethnicity,migration disability,quintile ethnicity,area,quintile quintile,ethnicity ethnicity,disability migration,area age_lmk,migration age_lmk,disability age_lmk,area,ethnicity age_15_64_lmk,migration age_15_64_lmk,disability age_15_64_lmk,area,ethnicity age_15_29_lmk,migration age_15_29_lmk,disability age_15_29_lmk,area,ethnicity age_15_64_lmk,age_15_29_lmk age_15_64_lmk,age_lmk age_15_29_lmk,age_lmk"
tasa_antiguedad_1a5_ctapropia,laboral,pct,t1a5yrctapr==1,pet==1 & condocup_ci==1 & categopri_ci==2,"sex,age_lmk,age_15_64_lmk,age_15_29_lmk,quintile,area,ethnicity,disability,migration,isoalpha3,year","disability,migration quintile,migration ethnicity,migration disability,quintile ethnicity,area,quintile quintile,ethnicity ethnicity,disability migration,area age_lmk,migration age_lmk,disability age_lmk,area,ethnicity age_15_64_lmk,migration age_15_64_lmk,disability age_15_64_lmk,area,ethnicity age_15_29_lmk,migration age_15_29_lmk,disability age_15_29_lmk,area,ethnicity age_15_64_lmk,age_15_29_lmk age_15_64_lmk,age_lmk age_15_29_lmk,age_lmk"
tasa_antiguedad_1a5_ocup,laboral,pct,t1a5yr==1,pet==1 & condocup_ci==1,"sex,age_lmk,age_15_64_lmk,age_15_29_lmk,quintile,area,ethnicity,disability,migration,isoalpha3,year","disability,migration quintile,migration ethnicity,migration disability,quintile ethnicity,area,quintile quintile,ethnicity ethnicity,disability migration,area age_lmk,migration age_lmk,disability age_lmk,area,ethnicity age_15_64_lmk,migration age_15_64_lmk,disability age_15_64_lmk,area,ethnicity age_15_29_lmk,migration age_15_29_lmk,disability age_15_29_lmk,area,ethnicity age_15_64_lmk,age_15_29_lmk age_15_64_lmk,age_lmk age_15_29_lmk,age_lmk"
tasa_antiguedad_5mas_asal,laboral,pct,t5yrasal==1,pet==1 & condocup_ci==1 & categopri_ci==3,"sex,age_lmk,age_15_64_lmk,age_15_29_lmk,quintile,area,ethnicity,disability,migration,isoalpha3,year","disability,migration quintile,migration ethnicity,migration disability,quintile ethnicity,area,quintile quintile,ethnicity ethnicity,disability migration,area age_lmk,migration age_lmk,disability age_lmk,area,ethnicity age_15_64_lmk,migration age_15_64_lmk,disability age_15_64_lmk,area,ethnicity age_15_29_lmk,migration age_15_29_lmk,disability age_15_29_lmk,area,ethnicity age_15_64_lmk,age_15_29_lmk age_15_64_lmk,age_lmk age_15_29_lmk,age_lmk"
tasa_antiguedad_5mas_ctapropia,laboral,pct,t5yrctapr==1,pet==1 & condocup_ci==1 & categopri_ci==2,"sex,age_lmk,age_15_64_lmk,age_15_29_lmk,quintile,area,ethnicity,disability,migration,isoalpha3,year","disability,migration quintile,migration ethnicity,migration disability,quintile ethnicity,area,quintile quintile,ethnicity ethnicity,disability migration,area age_lmk,migration age_lmk,disability age_lmk,area,ethnicity age_15_64_lmk,migration age_15_64_lmk,disability age_15_64_lmk,area,ethnicity age_15_29_lmk,migration age_15_29_lmk,disability age_15_29_lmk,area,ethnicity age_15_64_lmk,age_15_29_lmk age_15_64_lmk,age_lmk age_15_29_lmk,age_lmk"
tasa_antiguedad_5mas_ocup,laboral,pct,t5yr==1,pet==1 & condocup_ci==1,"sex,age_lmk,age_15_64_lmk,age_15_29_lmk,quintile,area,ethnicity,disability,migration,isoalpha3,year","disability,migration quintile,migration ethnicity,migration disability,quintile ethnicity,area,quintile quintile,ethnicity ethnicity,disability migration,area age_lmk,migration age_lmk,disability age_lmk,area,ethnicity age_15_64_lmk,migration age_15_64_lmk,disability age_15_64_lmk,area,ethnicity age_15_29_lmk,migration age_15_29_lmk,disability age_15_29_lmk,area,ethnicity age_15_64_lmk,age_15_29_lmk age_15_64_lmk,age_lmk age_15_29_lmk,age_lmk"
tasa_asal1yrtenure,laboral,pct,asal1yrtenure==1,pet==1 & condocup_ci==1,"sex,age_lmk,age_15_64_lmk,age_15_29_lmk,quintile,area,ethnicity,disability,migration,isoalpha3,year","disability,migration quintile,migration ethnicity,migration disability,quintile ethnicity,area,quintile quintile,ethnicity ethnicity,disability migration,area age_lmk,migration age_lmk,disability age_lmk,area,ethnicity age_15_64_lmk,migration age_15_64_lmk,disability age_15_64_lmk,area,ethnicity age_15_29_lmk,migration age_15_29_lmk,disability age_15_29_lmk,area,ethnicity age_15_64_lmk,age_15_29_lmk age_15_64_lmk,age_lmk age_15_29_lmk,age_lmk"
tasa_asalariados,laboral,pct,asalariado==1,condocup_ci==1,"sex,age_lmk,age_15_64_lmk,age_15_29_lmk,quintile,area,ethnicity,disability,migration,isoalpha3,year","disability,migration quintile,migration ethnicity,migration disability,quintile ethnicity,area,quintile quintile,ethnicity ethnicity,disability migration,area age_lmk,migration age_lmk,disability age_lmk,area,ethnicity age_15_64_lmk,migration age_15_64_lmk,disability age_15_64_lmk,area,ethnicity age_15_29_lmk,migration age_15_29_lmk,disability age_15_29_lmk,area,ethnicity age_15_64_lmk,age_15_29_lmk age_15_64_lmk,age_lmk age_15_29_lmk,age_lmk"
tasa_comerciantes,laboral,pct,comerciantes==1,condocup_ci==1,"sex,age_lmk,age_15_64_lmk,age_15_29_lmk,quintile,area,ethnicity,disability,migration,isoalpha3,year","disability,migration quintile,migration ethnicity,migration disability,quintile ethnicity,area,quintile quintile,ethnicity ethnicity,disability migration,area age_lmk,migration age_lmk,disability age_lmk,area,ethnicity age_15_64_lmk,migration age_15_64_lmk,disability age_15_64_lmk,area,ethnicity age_15_29_lmk,migration age_15_29_lmk,disability age_15_29_lmk,area,ethnicity age_15_64_lmk,age_15_29_lmk age_15_64_lmk,age_lmk age_15_29_lmk,age_lmk"
tasa_comercio,laboral,pct,comercio==1,condocup_ci==1,"sex,age_lmk,age_15_64_lmk,age_15_29_lmk,quintile,area,ethnicity,disability,migration,isoalpha3,year","disability,migration quintile,migration ethnicity,migration disability,quintile ethnicity,area,quintile quintile,ethnicity ethnicity,disability migration,area age_lmk,migration age_lmk,disability age_lmk,area,ethnicity age_15_64_lmk,migration age_15_64_lmk,disability age_15_64_lmk,area,ethnicity age_15_29_lmk,migration age_15_29_lmk,disability age_15_29_lmk,area,ethnicity age_15_64_lmk,age_15_29_lmk age_15_64_lmk,age_lmk age_15_29_lmk,age_lmk"
tasa_construccion,laboral,pct,construccion==1,condocup_ci==1,"sex,age_lmk,age_15_64_lmk,age_15_29_lmk,quintile,area,ethnicity,disability,migration,isoalpha3,year","disability,migration quintile,migration ethnicity,migration disability,quintile ethnicity,area,quintile quintile,ethnicity ethnicity,disability migration,area age_lmk,migration age_lmk,disability age_lmk,area,ethnicity age_15_64_lmk,migration age_15_64_lmk,disability age_15_64_lmk,area,ethnicity age_15_29_lmk,migration age_15_29_lmk,disability age_15_29_lmk,area,ethnicity age_15_64_lmk,age_15_29_lmk age_15_64_lmk,age_lmk age_15_29_lmk,age_lmk"
tasa_contrato_fijo,laboral,pct,contratofijo==1,pea==1 & condocup_ci==1 & categopri_ci==3,"sex,age_lmk,age_15_64_lmk,age_15_29_lmk,quintile,area,ethnicity,disability,migration,isoalpha3,year","disability,migration quintile,migration ethnicity,migration disability,quintile ethnicity,area,quintile quintile,ethnicity ethnicity,disability migration,area age_lmk,migration age_lmk,disability age_lmk,area,ethnicity age_15_64_lmk,migration age_15_64_lmk,disability age_15_64_lmk,area,ethnicity age_15_29_lmk,migration age_15_29_lmk,disability age_15_29_lmk,area,ethnicity age_15_64_lmk,age_15_29_lmk age_15_64_lmk,age_lmk age_15_29_lmk,age_lmk"
tasa_contrato_indefinido,laboral,pct,contratoindef==1,pea==1 & condocup_ci==1 & categopri_ci==3,"sex,age_lmk,age_15_64_lmk,age_15_29_lmk,quintile,area,ethnicity,disability,migration,isoalpha3,year","disability,migration quintile,migration ethnicity,migration disability,quintile ethnicity,area,quintile quintile,ethnicity ethnicity,disability migration,area age_lmk,migration age_lmk,disability age_lmk,area,ethnicity age_15_64_lmk,migration age_15_64_lmk,disability age_15_64_lmk,area,ethnicity age_15_29_lmk,migration age_15_29_lmk,disability age_15_29_lmk,area,ethnicity age_15_64_lmk,age_15_29_lmk age_15_64_lmk,age_lmk age_15_29_lmk,age_lmk"
tasa_sincontrato,laboral,pct,sincontrato==1,pea==1 & condocup_ci==1 & categopri_ci==3,"sex,age_lmk,age_15_64_lmk,age_15_29_lmk,quintile,area,ethnicity,disability,migration,isoalpha3,year","disability,migration quintile,migration ethnicity,migration disability,quintile ethnicity,area,quintile quintile,ethnicity ethnicity,disability migration,area age_lmk,migration age_lmk,disability age_lmk,area,ethnicity age_15_64_lmk,migration age_15_64_lmk,disability age_15_64_lmk,area,ethnicity age_15_29_lmk,migration age_15_29_lmk,disability age_15_29_lmk,area,ethnicity age_15_64_lmk,age_15_29_lmk age_15_64_lmk,age_lmk age_15_29_lmk,age_lmk"
tasa_ctapr1yrtenure,laboral,pct,ctapr1yrtenure==1,pet==1 & condocup_ci==1,"sex,age_lmk,age_15_64_lmk,age_15_29_lmk,quintile,area,ethnicity,disability,migration,isoalpha3,year","disability,migration quintile,migration ethnicity,migration disability,quintile ethnicity,area,quintile quintile,ethnicity ethnicity,disability migration,area age_lmk,migration age_lmk,disability age_lmk,area,ethnicity age_15_64_lmk,migration age_15_64_lmk,disability age_15_64_lmk,area,ethnicity age_15_29_lmk,migration age_15_29_lmk,disability age_15_29_lmk,area,ethnicity age_15_64_lmk,age_15_29_lmk age_15_64_lmk,age_lmk age_15_29_lmk,age_lmk"
tasa_desemp_aspi,laboral,pct,aspirante==1,condocup_ci==2 & pea==1,"sex,age_lmk,age_15_64_lmk,age_15_29_lmk,quintile,area,ethnicity,disability,migration,isoalpha3,year","disability,migration quintile,migration ethnicity,migration disability,quintile ethnicity,area,quintile quintile,ethnicity ethnicity,disability migration,area age_lmk,migration age_lmk,disability age_lmk,area,ethnicity age_15_64_lmk,migration age_15_64_lmk,disability age_15_64_lmk,area,ethnicity age_15_29_lmk,migration age_15_29_lmk,disability age_15_29_lmk,area,ethnicity age_15_64_lmk,age_15_29_lmk age_15_64_lmk,age_lmk age_15_29_lmk,age_lmk"
tasa_desemp_cesa,laboral,pct,cesante_ci==1,condocup_ci==2 & pea==1,"sex,age_lmk,age_15_64_lmk,age_15_29_lmk,quintile,area,ethnicity,disability,migration,isoalpha3,year","disability,migration quintile,migration ethnicity,migration disability,quintile ethnicity,area,quintile quintile,ethnicity ethnicity,disability migration,area age_lmk,migration age_lmk,disability age_lmk,area,ethnicity age_15_64_lmk,migration age_15_64_lmk,disability age_15_64_lmk,area,ethnicity age_15_29_lmk,migration age_15_29_lmk,disability age_15_29_lmk,area,ethnicity age_15_64_lmk,age_15_29_lmk age_15_64_lmk,age_lmk age_15_29_lmk,age_lmk"
tasa_desemp_ldur,laboral,pct,desemplp_ci==1,pea==1,"sex,age_lmk,age_15_64_lmk,age_15_29_lmk,quintile,area,ethnicity,disability,migration,isoalpha3,year","disability,migration quintile,migration ethnicity,migration disability,quintile ethnicity,area,quintile quintile,ethnicity ethnicity,disability migration,area age_lmk,migration age_lmk,disability age_lmk,area,ethnicity age_15_64_lmk,migration age_15_64_lmk,disability age_15_64_lmk,area,ethnicity age_15_29_lmk,migration age_15_29_lmk,disability age_15_29_lmk,area,ethnicity age_15_64_lmk,age_15_29_lmk age_15_64_lmk,age_lmk age_15_29_lmk,age_lmk"
tasa_desocupacion,laboral,pct,condocup_ci==2,pea==1,"sex,age_lmk,age_15_64_lmk,age_15_29_lmk,quintile,area,ethnicity,disability,migration,isoalpha3,year","disability,migration quintile,migration ethnicity,migration disability,quintile ethnicity,area,quintile quintile,ethnicity ethnicity,disability migration,area age_lmk,migration age_lmk,disability age_lmk,area,ethnicity age_15_64_lmk,migration age_15_64_lmk,disability age_15_64_lmk,area,ethnicity age_15_29_lmk,migration age_15_29_lmk,disability age_15_29_lmk,area,ethnicity age_15_64_lmk,age_15_29_lmk age_15_64_lmk,age_lmk age_15_29_lmk,age_lmk"
tasa_director,laboral,pct,director==1,condocup_ci==1,"sex,age_lmk,age_15_64_lmk,age_15_29_lmk,quintile,area,ethnicity,disability,migration,isoalpha3,year","disability,migration quintile,migration ethnicity,migration disability,quintile ethnicity,area,quintile quintile,ethnicity ethnicity,disability migration,area age_lmk,migration age_lmk,disability age_lmk,area,ethnicity age_15_64_lmk,migration age_15_64_lmk,disability age_15_64_lmk,area,ethnicity age_15_29_lmk,migration age_15_29_lmk,disability age_15_29_lmk,area,ethnicity age_15_64_lmk,age_15_29_lmk age_15_64_lmk,age_lmk age_15_29_lmk,age_lmk"
tasa_ffaa,laboral,pct,ffaa==1,condocup_ci==1,"sex,age_lmk,age_15_64_lmk,age_15_29_lmk,quintile,area,ethnicity,disability,migration,isoalpha3,year","disability,migration quintile,migration ethnicity,migration disability,quintile ethnicity,area,quintile quintile,ethnicity ethnicity,disability migration,area age_lmk,migration age_lmk,disability age_lmk,area,ethnicity age_15_64_lmk,migration age_15_64_lmk,disability age_15_64_lmk,area,ethnicity age_15_29_lmk,migration age_15_29_lmk,disability age_15_29_lmk,area,ethnicity age_15_64_lmk,age_15_29_lmk age_15_64_lmk,age_lmk age_15_29_lmk,age_lmk"
tasa_financiero,laboral,pct,financiero==1,condocup_ci==1,"sex,age_lmk,age_15_64_lmk,age_15_29_lmk,quintile,area,ethnicity,disability,migration,isoalpha3,year","disability,migration quintile,migration ethnicity,migration disability,quintile ethnicity,area,quintile quintile,ethnicity ethnicity,disability migration,area age_lmk,migration age_lmk,disability age_lmk,area,ethnicity age_15_64_lmk,migration age_15_64_lmk,disability age_15_64_lmk,area,ethnicity age_15_29_lmk,migration age_15_29_lmk,disability age_15_29_lmk,area,ethnicity age_15_64_lmk,age_15_29_lmk age_15_64_lmk,age_lmk age_15_29_lmk,age_lmk"
tasa_inactivos,laboral,pct,condocup_ci==3 & pet==1 ,pet==1 & !is.na(condocup_ci),"sex,age_lmk,age_15_64_lmk,age_15_29_lmk,quintile,area,ethnicity,disability,migration,isoalpha3,year","disability,migration quintile,migration ethnicity,migration disability,quintile ethnicity,area,quintile quintile,ethnicity ethnicity,disability migration,area age_lmk,migration age_lmk,disability age_lmk,area,ethnicity age_15_64_lmk,migration age_15_64_lmk,disability age_15_64_lmk,area,ethnicity age_15_29_lmk,migration age_15_29_lmk,disability age_15_29_lmk,area,ethnicity age_15_64_lmk,age_15_29_lmk age_15_64_lmk,age_lmk age_15_29_lmk,age_lmk"
tasa_independientes,laboral,pct,ctapropia==1,condocup_ci==1,"sex,age_lmk,age_15_64_lmk,age_15_29_lmk,quintile,area,ethnicity,disability,migration,isoalpha3,year","disability,migration quintile,migration ethnicity,migration disability,quintile ethnicity,area,quintile quintile,ethnicity ethnicity,disability migration,area age_lmk,migration age_lmk,disability age_lmk,area,ethnicity age_15_64_lmk,migration age_15_64_lmk,disability age_15_64_lmk,area,ethnicity age_15_29_lmk,migration age_15_29_lmk,disability age_15_29_lmk,area,ethnicity age_15_64_lmk,age_15_29_lmk age_15_64_lmk,age_lmk age_15_29_lmk,age_lmk"
tasa_industria,laboral,pct,industria==1,condocup_ci==1,"sex,age_lmk,age_15_64_lmk,age_15_29_lmk,quintile,area,ethnicity,disability,migration,isoalpha3,year","disability,migration quintile,migration ethnicity,migration disability,quintile ethnicity,area,quintile quintile,ethnicity ethnicity,disability migration,area age_lmk,migration age_lmk,disability age_lmk,area,ethnicity age_15_64_lmk,migration age_15_64_lmk,disability age_15_64_lmk,area,ethnicity age_15_29_lmk,migration age_15_29_lmk,disability age_15_29_lmk,area,ethnicity age_15_64_lmk,age_15_29_lmk age_15_64_lmk,age_lmk age_15_29_lmk,age_lmk"
tasa_minas,laboral,pct,minas==1,condocup_ci==1,"sex,age_lmk,age_15_64_lmk,age_15_29_lmk,quintile,area,ethnicity,disability,migration,isoalpha3,year","disability,migration quintile,migration ethnicity,migration disability,quintile ethnicity,area,quintile quintile,ethnicity ethnicity,disability migration,area age_lmk,migration age_lmk,disability age_lmk,area,ethnicity age_15_64_lmk,migration age_15_64_lmk,disability age_15_64_lmk,area,ethnicity age_15_29_lmk,migration age_15_29_lmk,disability age_15_29_lmk,area,ethnicity age_15_64_lmk,age_15_29_lmk age_15_64_lmk,age_lmk age_15_29_lmk,age_lmk"
tasa_obreros,laboral,pct,obreros==1,condocup_ci==1,"sex,age_lmk,age_15_64_lmk,age_15_29_lmk,quintile,area,ethnicity,disability,migration,isoalpha3,year","disability,migration quintile,migration ethnicity,migration disability,quintile ethnicity,area,quintile quintile,ethnicity ethnicity,disability migration,area age_lmk,migration age_lmk,disability age_lmk,area,ethnicity age_15_64_lmk,migration age_15_64_lmk,disability age_15_64_lmk,area,ethnicity age_15_29_lmk,migration age_15_29_lmk,disability age_15_29_lmk,area,ethnicity age_15_64_lmk,age_15_29_lmk age_15_64_lmk,age_lmk age_15_29_lmk,age_lmk"
tasa_ocupacion,laboral,pct,condocup_ci==1 & pet==1 ,pet==1 & !is.na(condocup_ci),"sex,age_lmk,age_15_64_lmk,age_15_29_lmk,quintile,area,ethnicity,disability,migration,isoalpha3,year","disability,migration quintile,migration ethnicity,migration disability,quintile ethnicity,area,quintile quintile,ethnicity ethnicity,disability migration,area age_lmk,migration age_lmk,disability age_lmk,area,ethnicity age_15_64_lmk,migration age_15_64_lmk,disability age_15_64_lmk,area,ethnicity age_15_29_lmk,migration age_15_29_lmk,disability age_15_29_lmk,area,ethnicity age_15_64_lmk,age_15_29_lmk age_15_64_lmk,age_lmk age_15_29_lmk,age_lmk"
tasa_otra_ocupacion,laboral,pct,otraocup_ci==1,pea==1 & condocup_ci==1,"sex,age_lmk,age_15_64_lmk,age_15_29_lmk,quintile,area,ethnicity,disability,migration,isoalpha3,year","disability,migration quintile,migration ethnicity,migration disability,quintile ethnicity,area,quintile quintile,ethnicity ethnicity,disability migration,area age_lmk,migration age_lmk,disability age_lmk,area,ethnicity age_15_64_lmk,migration age_15_64_lmk,disability age_15_64_lmk,area,ethnicity age_15_29_lmk,migration age_15_29_lmk,disability age_15_29_lmk,area,ethnicity age_15_64_lmk,age_15_29_lmk age_15_64_lmk,age_lmk age_15_29_lmk,age_lmk"
tasa_otrostrab,laboral,pct,otrostrab==1,condocup_ci==1,"sex,age_lmk,age_15_64_lmk,age_15_29_lmk,quintile,area,ethnicity,disability,migration,isoalpha3,year","disability,migration quintile,migration ethnicity,migration disability,quintile ethnicity,area,quintile quintile,ethnicity ethnicity,disability migration,area age_lmk,migration age_lmk,disability age_lmk,area,ethnicity age_15_64_lmk,migration age_15_64_lmk,disability age_15_64_lmk,area,ethnicity age_15_29_lmk,migration age_15_29_lmk,disability age_15_29_lmk,area,ethnicity age_15_64_lmk,age_15_29_lmk age_15_64_lmk,age_lmk age_15_29_lmk,age_lmk"
tasa_participacion,laboral,pct,pea==1,pet==1,"sex,age_lmk,age_15_64_lmk,age_15_29_lmk,quintile,area,ethnicity,disability,migration,isoalpha3,year","disability,migration quintile,migration ethnicity,migration disability,quintile ethnicity,area,quintile quintile,ethnicity ethnicity,disability migration,area age_lmk,migration age_lmk,disability age_lmk,area,ethnicity age_15_64_lmk,migration age_15_64_lmk,disability age_15_64_lmk,area,ethnicity age_15_29_lmk,migration age_15_29_lmk,disability age_15_29_lmk,area,ethnicity age_15_64_lmk,age_15_29_lmk age_15_64_lmk,age_lmk age_15_29_lmk,age_lmk"
tasa_patron1yrtenure,laboral,pct,patron1yrtenure==1,pet==1 & condocup_ci==1,"sex,age_lmk,age_15_64_lmk,age_15_29_lmk,quintile,area,ethnicity,disability,migration,isoalpha3,year","disability,migration quintile,migration ethnicity,migration disability,quintile ethnicity,area,quintile quintile,ethnicity ethnicity,disability migration,area age_lmk,migration age_lmk,disability age_lmk,area,ethnicity age_15_64_lmk,migration age_15_64_lmk,disability age_15_64_lmk,area,ethnicity age_15_29_lmk,migration age_15_29_lmk,disability age_15_29_lmk,area,ethnicity age_15_64_lmk,age_15_29_lmk age_15_64_lmk,age_lmk age_15_29_lmk,age_lmk"
tasa_patrones,laboral,pct,patron==1,condocup_ci==1,"sex,age_lmk,age_15_64_lmk,age_15_29_lmk,quintile,area,ethnicity,disability,migration,isoalpha3,year","disability,migration quintile,migration ethnicity,migration disability,quintile ethnicity,area,quintile quintile,ethnicity ethnicity,disability migration,area age_lmk,migration age_lmk,disability age_lmk,area,ethnicity age_15_64_lmk,migration age_15_64_lmk,disability age_15_64_lmk,area,ethnicity age_15_29_lmk,migration age_15_29_lmk,disability age_15_29_lmk,area,ethnicity age_15_64_lmk,age_15_29_lmk age_15_64_lmk,age_lmk age_15_29_lmk,age_lmk"
tasa_pea,laboral,pct,pea==1,!is.na(pea),"sex,age_lmk,age_15_64_lmk,age_15_29_lmk,quintile,area,ethnicity,disability,migration,isoalpha3,year","disability,migration quintile,migration ethnicity,migration disability,quintile ethnicity,area,quintile quintile,ethnicity ethnicity,disability migration,area age_lmk,migration age_lmk,disability age_lmk,area,ethnicity age_15_64_lmk,migration age_15_64_lmk,disability age_15_64_lmk,area,ethnicity age_15_29_lmk,migration age_15_29_lmk,disability age_15_29_lmk,area,ethnicity age_15_64_lmk,age_15_29_lmk age_15_64_lmk,age_lmk age_15_29_lmk,age_lmk"
tasa_pension_menor_salmin,laboral,pct,"pensionwmin_ci==1 & age_lmk==""age_65_mas""","age_lmk==""age_65_mas""","sex,age_lmk,age_15_64_lmk,age_15_29_lmk,quintile,area,ethnicity,disability,migration,isoalpha3,year","disability,migration quintile,migration ethnicity,migration disability,quintile ethnicity,area,quintile quintile,ethnicity ethnicity,disability migration,area age_lmk,migration age_lmk,disability age_lmk,area,ethnicity age_15_64_lmk,migration age_15_64_lmk,disability age_15_64_lmk,area,ethnicity age_15_29_lmk,migration age_15_29_lmk,disability age_15_29_lmk,area,ethnicity age_15_64_lmk,age_15_29_lmk age_15_64_lmk,age_lmk age_15_29_lmk,age_lmk"
tasa_pet,laboral,pct,pet==1,npers==1,"sex,age_lmk,age_15_64_lmk,age_15_29_lmk,quintile,area,ethnicity,disability,migration,isoalpha3,year","disability,migration quintile,migration ethnicity,migration disability,quintile ethnicity,area,quintile quintile,ethnicity ethnicity,disability migration,area age_lmk,migration age_lmk,disability age_lmk,area,ethnicity age_15_64_lmk,migration age_15_64_lmk,disability age_15_64_lmk,area,ethnicity age_15_29_lmk,migration age_15_29_lmk,disability age_15_29_lmk,area,ethnicity age_15_64_lmk,age_15_29_lmk age_15_64_lmk,age_lmk age_15_29_lmk,age_lmk"
tasa_profestecnico,laboral,pct,profestecnico==1,condocup_ci==1,"sex,age_lmk,age_15_64_lmk,age_15_29_lmk,quintile,area,ethnicity,disability,migration,isoalpha3,year","disability,migration quintile,migration ethnicity,migration disability,quintile ethnicity,area,quintile quintile,ethnicity ethnicity,disability migration,area age_lmk,migration age_lmk,disability age_lmk,area,ethnicity age_15_64_lmk,migration age_15_64_lmk,disability age_15_64_lmk,area,ethnicity age_15_29_lmk,migration age_15_29_lmk,disability age_15_29_lmk,area,ethnicity age_15_64_lmk,age_15_29_lmk age_15_64_lmk,age_lmk age_15_29_lmk,age_lmk"
tasa_servicios,laboral,pct,servicios==1,condocup_ci==1,"sex,age_lmk,age_15_64_lmk,age_15_29_lmk,quintile,area,ethnicity,disability,migration,isoalpha3,year","disability,migration quintile,migration ethnicity,migration disability,quintile ethnicity,area,quintile quintile,ethnicity ethnicity,disability migration,area age_lmk,migration age_lmk,disability age_lmk,area,ethnicity age_15_64_lmk,migration age_15_64_lmk,disability age_15_64_lmk,area,ethnicity age_15_29_lmk,migration age_15_29_lmk,disability age_15_29_lmk,area,ethnicity age_15_64_lmk,age_15_29_lmk age_15_64_lmk,age_lmk age_15_29_lmk,age_lmk"
tasa_sinrem1yrtenure,laboral,pct,sinrem1yrtenure==1,pet==1 & condocup_ci==1,"sex,age_lmk,age_15_64_lmk,age_15_29_lmk,quintile,area,ethnicity,disability,migration,isoalpha3,year","disability,migration quintile,migration ethnicity,migration disability,quintile ethnicity,area,quintile quintile,ethnicity ethnicity,disability migration,area age_lmk,migration age_lmk,disability age_lmk,area,ethnicity age_15_64_lmk,migration age_15_64_lmk,disability age_15_64_lmk,area,ethnicity age_15_29_lmk,migration age_15_29_lmk,disability age_15_29_lmk,area,ethnicity age_15_64_lmk,age_15_29_lmk age_15_64_lmk,age_lmk age_15_29_lmk,age_lmk"
tasa_sinremuneracion,laboral,pct,sinremuner==1,condocup_ci==1,"sex,age_lmk,age_15_64_lmk,age_15_29_lmk,quintile,area,ethnicity,disability,migration,isoalpha3,year","disability,migration quintile,migration ethnicity,migration disability,quintile ethnicity,area,quintile quintile,ethnicity ethnicity,disability migration,area age_lmk,migration age_lmk,disability age_lmk,area,ethnicity age_15_64_lmk,migration age_15_64_lmk,disability age_15_64_lmk,area,ethnicity age_15_29_lmk,migration age_15_29_lmk,disability age_15_29_lmk,area,ethnicity age_15_64_lmk,age_15_29_lmk age_15_64_lmk,age_lmk age_15_29_lmk,age_lmk"
tasa_sspublicos,laboral,pct,sspublicos==1,condocup_ci==1,"sex,age_lmk,age_15_64_lmk,age_15_29_lmk,quintile,area,ethnicity,disability,migration,isoalpha3,year","disability,migration quintile,migration ethnicity,migration disability,quintile ethnicity,area,quintile quintile,ethnicity ethnicity,disability migration,area age_lmk,migration age_lmk,disability age_lmk,area,ethnicity age_15_64_lmk,migration age_15_64_lmk,disability age_15_64_lmk,area,ethnicity age_15_29_lmk,migration age_15_29_lmk,disability age_15_29_lmk,area,ethnicity age_15_64_lmk,age_15_29_lmk age_15_64_lmk,age_lmk age_15_29_lmk,age_lmk"
tasa_trabagricola,laboral,pct,trabagricola==1,condocup_ci==1,"sex,age_lmk,age_15_64_lmk,age_15_29_lmk,quintile,area,ethnicity,disability,migration,isoalpha3,year","disability,migration quintile,migration ethnicity,migration disability,quintile ethnicity,area,quintile quintile,ethnicity ethnicity,disability migration,area age_lmk,migration age_lmk,disability age_lmk,area,ethnicity age_15_64_lmk,migration age_15_64_lmk,disability age_15_64_lmk,area,ethnicity age_15_29_lmk,migration age_15_29_lmk,disability age_15_29_lmk,area,ethnicity age_15_64_lmk,age_15_29_lmk age_15_64_lmk,age_lmk age_15_29_lmk,age_lmk"
tasa_trabss,laboral,pct,trabss==1,condocup_ci==1,"sex,age_lmk,age_15_64_lmk,age_15_29_lmk,quintile,area,ethnicity,disability,migration,isoalpha3,year","disability,migration quintile,migration ethnicity,migration disability,quintile ethnicity,area,quintile quintile,ethnicity ethnicity,disability migration,area age_lmk,migration age_lmk,disability age_lmk,area,ethnicity age_15_64_lmk,migration age_15_64_lmk,disability age_15_64_lmk,area,ethnicity age_15_29_lmk,migration age_15_29_lmk,disability age_15_29_lmk,area,ethnicity age_15_64_lmk,age_15_29_lmk age_15_64_lmk,age_lmk age_15_29_lmk,age_lmk"
tasa_transporte,laboral,pct,transporte==1,condocup_ci==1,"sex,age_lmk,age_15_64_lmk,age_15_29_lmk,quintile,area,ethnicity,disability,migration,isoalpha3,year","disability,migration quintile,migration ethnicity,migration disability,quintile ethnicity,area,quintile quintile,ethnicity ethnicity,disability migration,area age_lmk,migration age_lmk,disability age_lmk,area,ethnicity age_15_64_lmk,migration age_15_64_lmk,disability age_15_64_lmk,area,ethnicity age_15_29_lmk,migration age_15_29_lmk,disability age_15_29_lmk,area,ethnicity age_15_64_lmk,age_15_29_lmk age_15_64_lmk,age_lmk age_15_29_lmk,age_lmk"
tenure_prom,laboral,mean,antiguedad_ci,condocup_ci==1 & antiguedad_ci!=0 & !is.na(antiguedad_ci),"sex,age_lmk,age_15_64_lmk,age_15_29_lmk,quintile,area,ethnicity,disability,migration,isoalpha3,year","disability,migration quintile,migration ethnicity,migration disability,quintile ethnicity,area,quintile quintile,ethnicity ethnicity,disability migration,area age_lmk,migration age_lmk,disability age_lmk,area,ethnicity age_15_64_lmk,migration age_15_64_lmk,disability age_15_64_lmk,area,ethnicity age_15_29_lmk,migration age_15_29_lmk,disability age_15_29_lmk,area,ethnicity age_15_64_lmk,age_15_29_lmk age_15_64_lmk,age_lmk age_15_29_lmk,age_lmk"
y_pen_cont,laboral,mean,ypen_ci,"!is.na(ypen_ci) & age_lmk==""age_65_mas""","sex,age_lmk,age_15_64_lmk,age_15_29_lmk,quintile,area,ethnicity,disability,migration,isoalpha3,year","disability,migration quintile,migration ethnicity,migration disability,quintile ethnicity,area,quintile quintile,ethnicity ethnicity,disability migration,area age_lmk,migration age_lmk,disability age_lmk,area,ethnicity age_15_64_lmk,migration age_15_64_lmk,disability age_15_64_lmk,area,ethnicity age_15_29_lmk,migration age_15_29_lmk,disability age_15_29_lmk,area,ethnicity age_15_64_lmk,age_15_29_lmk age_15_64_lmk,age_lmk age_15_29_lmk,age_lmk"
y_pen_nocont,laboral,mean,ypensub_ci,"!is.na(ypensub_ci) & age_lmk==""age_65_mas""","sex,age_lmk,age_15_64_lmk,age_15_29_lmk,quintile,area,ethnicity,disability,migration,isoalpha3,year","disability,migration quintile,migration ethnicity,migration disability,quintile ethnicity,area,quintile quintile,ethnicity ethnicity,disability migration,area age_lmk,migration age_lmk,disability age_lmk,area,ethnicity age_15_64_lmk,migration age_15_64_lmk,disability age_15_64_lmk,area,ethnicity age_15_29_lmk,migration age_15_29_lmk,disability age_15_29_lmk,area,ethnicity age_15_64_lmk,age_15_29_lmk age_15_64_lmk,age_lmk age_15_29_lmk,age_lmk"
y_pen_total,laboral,mean,ypent_ci,"!is.na(ypent_ci) & age_lmk==""age_65_mas""","sex,age_lmk,age_15_64_lmk,age_15_29_lmk,quintile,area,ethnicity,disability,migration,isoalpha3,year","disability,migration quintile,migration ethnicity,migration disability,quintile ethnicity,area,quintile quintile,ethnicity ethnicity,disability migration,area age_lmk,migration age_lmk,disability age_lmk,area,ethnicity age_15_64_lmk,migration age_15_64_lmk,disability age_15_64_lmk,area,ethnicity age_15_29_lmk,migration age_15_29_lmk,disability age_15_29_lmk,area,ethnicity age_15_64_lmk,age_15_29_lmk age_15_64_lmk,age_lmk age_15_29_lmk,age_lmk"
anos_esc_25_mas_0,educación,pct,"anos_edu==""anos_0"" & age_25_mas==1",age_25_mas==1 & (!is.na(anos_edu)),"sex,quintile,area,ethnicity,disability,migration,isoalpha3,year","disability,migration quintile,migration ethnicity,migration disability,quintile ethnicity,area,quintile quintile,ethnicity ethnicity,disability migration,area"
anos_esc_25_mas_1_5,educación,pct,"anos_edu==""anos_1_5"" & age_25_mas==1",age_25_mas==1 & (!is.na(anos_edu)),"sex,quintile,area,ethnicity,disability,migration,isoalpha3,year","disability,migration quintile,migration ethnicity,migration disability,quintile ethnicity,area,quintile quintile,ethnicity ethnicity,disability migration,area"
anos_esc_25_mas_12,educación,pct,"anos_edu==""anos_12"" & age_25_mas==1",age_25_mas==1 & (!is.na(anos_edu)),"sex,quintile,area,ethnicity,disability,migration,isoalpha3,year","disability,migration quintile,migration ethnicity,migration disability,quintile ethnicity,area,quintile quintile,ethnicity ethnicity,disability migration,area"
anos_esc_25_mas_13_mas,educación,pct,"anos_edu==""anos_13_mas"" & age_25_mas==1",age_25_mas==1 & (!is.na(anos_edu)),"sex,quintile,area,ethnicity,disability,migration,isoalpha3,year","disability,migration quintile,migration ethnicity,migration disability,quintile ethnicity,area,quintile quintile,ethnicity ethnicity,disability migration,area"
anos_esc_25_mas_6,educación,pct,"anos_edu==""anos_6"" & age_25_mas==1",age_25_mas==1 & (!is.na(anos_edu)),"sex,quintile,area,ethnicity,disability,migration,isoalpha3,year","disability,migration quintile,migration ethnicity,migration disability,quintile ethnicity,area,quintile quintile,ethnicity ethnicity,disability migration,area"
anos_esc_25_mas_7_11,educación,pct,"anos_edu==""anos_7_11"" & age_25_mas==1",age_25_mas==1 & (!is.na(anos_edu)),"sex,quintile,area,ethnicity,disability,migration,isoalpha3,year","disability,migration quintile,migration ethnicity,migration disability,quintile ethnicity,area,quintile quintile,ethnicity ethnicity,disability migration,area"
anos_promedio_educ,educación,mean,aedu_ci,age_25_mas==1 &(!is.na(aedu_ci)),"sex,quintile,area,ethnicity,disability,migration,isoalpha3,year","disability,migration quintile,migration ethnicity,migration disability,quintile ethnicity,area,quintile quintile,ethnicity ethnicity,disability migration,area"
anos_promedio_educ_activos,educación,mean,aedupea_ci,!is.na(aedupea_ci),"sex,quintile,area,ethnicity,disability,migration,isoalpha3,year","disability,migration quintile,migration ethnicity,migration disability,quintile ethnicity,area,quintile quintile,ethnicity ethnicity,disability migration,area"
anos_promedio_educ_inactivos,educación,mean,aedupei_ci,!is.na(aedupei_ci),"sex,quintile,area,ethnicity,disability,migration,isoalpha3,year","disability,migration quintile,migration ethnicity,migration disability,quintile ethnicity,area,quintile quintile,ethnicity ethnicity,disability migration,area"
anos_promedio_educ_sims,educación,mean,aedu_ci,!is.na(aedu_ci),"sex,quintile,area,ethnicity,disability,migration,isoalpha3,year","disability,migration quintile,migration ethnicity,migration disability,quintile ethnicity,area,quintile quintile,ethnicity ethnicity,disability migration,area"
ninis_2_15_24,educación,pct,nini==1 & age_15_24_edu==1,!is.na(age_15_24_edu) & (!is.na(nini)),"sex,quintile,area,ethnicity,disability,migration,isoalpha3,year","disability,migration quintile,migration ethnicity,migration disability,quintile ethnicity,area,quintile quintile,ethnicity ethnicity,disability migration,area"
tasa_aban_18_24,educación,pct,leavers==1& age_18_24_edu==1,age_18_24_edu==1 & (!is.na(edad_ci)),"sex,quintile,area,ethnicity,disability,migration,isoalpha3,year","disability,migration quintile,migration ethnicity,migration disability,quintile ethnicity,area,quintile quintile,ethnicity ethnicity,disability migration,area"
tasa_asis_12_14,educación,pct,"asiste_ci==1 & grupo_etario==""age_12_14""","grupo_etario==""age_12_14"" & (!is.na(asiste_ci))","sex,quintile,area,ethnicity,disability,migration,isoalpha3,year","disability,migration quintile,migration ethnicity,migration disability,quintile ethnicity,area,quintile quintile,ethnicity ethnicity,disability migration,area"
tasa_asis_15_17,educación,pct,"asiste_ci==1 & grupo_etario==""age_15_17""","grupo_etario==""age_15_17"" & (!is.na(asiste_ci))","sex,quintile,area,ethnicity,disability,migration,isoalpha3,year","disability,migration quintile,migration ethnicity,migration disability,quintile ethnicity,area,quintile quintile,ethnicity ethnicity,disability migration,area"
tasa_asis_18_23,educación,pct,asiste_ci==1 & age_18_23_edu==1,age_18_23_edu==1 & (!is.na(asiste_ci)),"sex,quintile,area,ethnicity,disability,migration,isoalpha3,year","disability,migration quintile,migration ethnicity,migration disability,quintile ethnicity,area,quintile quintile,ethnicity ethnicity,disability migration,area"
tasa_asis_4_5,educación,pct,"asiste_ci==1 & grupo_etario==""age_4_5""","grupo_etario==""age_4_5"" & (!is.na(asiste_ci))","sex,quintile,area,ethnicity,disability,migration,isoalpha3,year","disability,migration quintile,migration ethnicity,migration disability,quintile ethnicity,area,quintile quintile,ethnicity ethnicity,disability migration,area"
tasa_asis_6_11,educación,pct,"asiste_ci==1 & grupo_etario==""age_6_11""","grupo_etario==""age_6_11"" & (!is.na(asiste_ci))","sex,quintile,area,ethnicity,disability,migration,isoalpha3,year","disability,migration quintile,migration ethnicity,migration disability,quintile ethnicity,area,quintile quintile,ethnicity ethnicity,disability migration,area"
tasa_bruta_asis_prim,educación,pct,asis_prim_c==1 ,age_prim_c==1 & (!is.na(asiste_ci)),"sex,quintile,area,ethnicity,disability,migration,isoalpha3,year","disability,migration quintile,migration ethnicity,migration disability,quintile ethnicity,area,quintile quintile,ethnicity ethnicity,disability migration,area"
tasa_bruta_asis_seco,educación,pct,asis_seco_c==1,age_seco_c==1 & (!is.na(asiste_ci)),"sex,quintile,area,ethnicity,disability,migration,isoalpha3,year","disability,migration quintile,migration ethnicity,migration disability,quintile ethnicity,area,quintile quintile,ethnicity ethnicity,disability migration,area"
tasa_bruta_asis_tert,educación,pct,asis_tert_c==1,age_tert_c==1 & (!is.na(asiste_ci)),"sex,quintile,area,ethnicity,disability,migration,isoalpha3,year","disability,migration quintile,migration ethnicity,migration disability,quintile ethnicity,area,quintile quintile,ethnicity ethnicity,disability migration,area"
tasa_neta_asis_prim,educación,pct,asis_net_prim_c==1,age_prim_c==1 & (!is.na(asiste_ci)),"sex,quintile,area,ethnicity,disability,migration,isoalpha3,year","disability,migration quintile,migration ethnicity,migration disability,quintile ethnicity,area,quintile quintile,ethnicity ethnicity,disability migration,area"
tasa_neta_asis_seco,educación,pct,asis_net_seco_c==1,age_seco_c==1 & (!is.na(asiste_ci)),"sex,quintile,area,ethnicity,disability,migration,isoalpha3,year","disability,migration quintile,migration ethnicity,migration disability,quintile ethnicity,area,quintile quintile,ethnicity ethnicity,disability migration,area"
tasa_neta_asis_tert,educación,pct,asis_net_tert_c==1,age_tert_c==1 & (!is.na(asiste_ci)),"sex,quintile,area,ethnicity,disability,migration,isoalpha3,year","disability,migration quintile,migration ethnicity,migration disability,quintile ethnicity,area,quintile quintile,ethnicity ethnicity,disability migration,area"
tasa_no_asis_12_14,educación,pct,"asiste_ci==0 & grupo_etario==""age_12_14""","grupo_etario==""age_12_14"" & (!is.na(asiste_ci))","sex,quintile,area,ethnicity,disability,migration,isoalpha3,year","disability,migration quintile,migration ethnicity,migration disability,quintile ethnicity,area,quintile quintile,ethnicity ethnicity,disability migration,area"
tasa_no_asis_15_17,educación,pct,"asiste_ci==0 & grupo_etario==""age_15_17""","grupo_etario==""age_15_17"" & (!is.na(asiste_ci))","sex,quintile,area,ethnicity,disability,migration,isoalpha3,year","disability,migration quintile,migration ethnicity,migration disability,quintile ethnicity,area,quintile quintile,ethnicity ethnicity,disability migration,area"
tasa_no_asis_18_23,educación,pct,asiste_ci==0 & age_18_23_edu==1,age_18_23_edu==1 & (!is.na(asiste_ci)),"sex,quintile,area,ethnicity,disability,migration,isoalpha3,year","disability,migration quintile,migration ethnicity,migration disability,quintile ethnicity,area,quintile quintile,ethnicity ethnicity,disability migration,area"
tasa_no_asis_4_5,educación,pct,"asiste_ci==0 & grupo_etario==""age_4_5""","grupo_etario==""age_4_5"" & (!is.na(asiste_ci))","sex,quintile,area,ethnicity,disability,migration,isoalpha3,year","disability,migration quintile,migration ethnicity,migration disability,quintile ethnicity,area,quintile quintile,ethnicity ethnicity,disability migration,area"
tasa_no_asis_6_11,educación,pct,"asiste_ci==0 & grupo_etario==""age_6_11""","grupo_etario==""age_6_11"" & (!is.na(asiste_ci))","sex,quintile,area,ethnicity,disability,migration,isoalpha3,year","disability,migration quintile,migration ethnicity,migration disability,quintile ethnicity,area,quintile quintile,ethnicity ethnicity,disability migration,area"
tasa_sobre_edad_prim,educación,pct,age_prim_sobre==1,asis_prim_c ==1,"sex,quintile,area,ethnicity,disability,migration,isoalpha3,year","disability,migration quintile,migration ethnicity,migration disability,quintile ethnicity,area,quintile quintile,ethnicity ethnicity,disability migration,area"
tasa_terminacion_c_primar,educación,pct,t_cond_primaria==1,age_term_p_c==1,"sex,quintile,area,ethnicity,disability,migration,isoalpha3,year","disability,migration quintile,migration ethnicity,migration disability,quintile ethnicity,area,quintile quintile,ethnicity ethnicity,disability migration,area"
tasa_terminacion_c_secund,educación,pct,t_cond_secundaria==1,age_term_s_c==1,"sex,quintile,area,ethnicity,disability,migration,isoalpha3,year","disability,migration quintile,migration ethnicity,migration disability,quintile ethnicity,area,quintile quintile,ethnicity ethnicity,disability migration,area"
gini,pobreza,gini,hwage_ppp,condocup_ci==1,"sex,quintile,area,ethnicity,disability,migration,isoalpha3,year","disability,migration quintile,migration ethnicity,migration disability,quintile ethnicity,area,quintile quintile,ethnicity ethnicity,disability migration,area age_scl,area,migration age_scl,migration age_scl,ethnicity"
ginihh,pobreza,gini,pc_ytot_ch,jefe_ci==1,"sex,quintile,area,ethnicity,disability,migration,isoalpha3,year","disability,migration quintile,migration ethnicity,migration disability,quintile ethnicity,area,quintile quintile,ethnicity ethnicity,disability migration,area age_scl,area,migration age_scl,migration age_scl,ethnicity"
prangoedad_00_15,demografia,pct,"recortes_poblacion==""rango_0_15""",!is.na(recortes_poblacion),"sex,quintile,area,ethnicity,disability,migration,isoalpha3,year","disability,migration quintile,migration ethnicity,migration disability,quintile ethnicity,area,quintile quintile,ethnicity ethnicity,disability migration,area"
prangoedad_16_30,demografia,pct,"recortes_poblacion==""rango_16_30""",!is.na(recortes_poblacion),"sex,quintile,area,ethnicity,disability,migration,isoalpha3,year","disability,migration quintile,migration ethnicity,migration disability,quintile ethnicity,area,quintile quintile,ethnicity ethnicity,disability migration,area"
prangoedad_31_45,demografia,pct,"recortes_poblacion==""rango_31_45""",!is.na(recortes_poblacion),"sex,quintile,area,ethnicity,disability,migration,isoalpha3,year","disability,migration quintile,migration ethnicity,migration disability,quintile ethnicity,area,quintile quintile,ethnicity ethnicity,disability migration,area"
prangoedad_46_60,demografia,pct,"recortes_poblacion==""rango_46_60""",!is.na(recortes_poblacion),"sex,quintile,area,ethnicity,disability,migration,isoalpha3,year","disability,migration quintile,migration ethnicity,migration disability,quintile ethnicity,area,quintile quintile,ethnicity ethnicity,disability migration,area"
prangoedad_61_75,demografia,pct,"recortes_poblacion==""rango_61_75""",!is.na(recortes_poblacion),"sex,quintile,area,ethnicity,disability,migration,isoalpha3,year","disability,migration quintile,migration ethnicity,migration disability,quintile ethnicity,area,quintile quintile,ethnicity ethnicity,disability migration,area"
prangoedad_76_90,demografia,pct,"recortes_poblacion==""rango_76_90""",!is.na(recortes_poblacion),"sex,quintile,area,ethnicity,disability,migration,isoalpha3,year","disability,migration quintile,migration ethnicity,migration disability,quintile ethnicity,area,quintile quintile,ethnicity ethnicity,disability migration,area"
prangoedad_91mas,demografia,pct,"recortes_poblacion==""rango_91_mas""",!is.na(recortes_poblacion),"sex,quintile,area,ethnicity,disability,migration,isoalpha3,year","disability,migration quintile,migration ethnicity,migration disability,quintile ethnicity,area,quintile quintile,ethnicity ethnicity,disability migration,area"
