Pais,Encuesta,access_right,Ronda armonizada BID,Total,year,availability
ARG,EPHP,NA,m10,11,1986,NA
ARG,EPHP,NA,m10,11,1989,NA
ARG,EPHP,NA,m10,11,1990,NA
ARG,EPHP,NA,m10,11,1991,NA
ARG,EPHP,NA,m10,11,1992,1
ARG,EPHP,NA,m10,11,1993,1
ARG,EPHP,NA,m10,11,1994,1
ARG,EPHP,NA,m10,11,1995,1
ARG,EPHP,NA,m10,11,1996,1
ARG,EPHP,NA,m10,11,1997,1
ARG,EPHP,NA,m10,11,1998,1
ARG,EPHP,NA,m10,11,1999,1
ARG,EPHP,NA,m10,11,2000,1
ARG,EPHP,NA,m10,11,2001,1
ARG,EPHP,NA,m10,11,2002,1
ARG,EPHP,NA,m10,11,2003,NA
ARG,EPHP,NA,m10,11,2004,NA
ARG,EPHP,NA,m10,11,2005,NA
ARG,EPHP,NA,m10,11,2006,NA
ARG,EPHP,NA,m10,11,2007,NA
ARG,EPHP,NA,m10,11,2008,NA
ARG,EPHP,NA,m10,11,2009,NA
ARG,EPHP,NA,m10,11,2010,NA
ARG,EPHP,NA,m10,11,2011,NA
ARG,EPHP,NA,m10,11,2012,NA
ARG,EPHP,NA,m10,11,2013,NA
ARG,EPHP,NA,m10,11,2014,NA
ARG,EPHP,NA,m10,11,2015,NA
ARG,EPHP,NA,m10,11,2016,NA
ARG,EPHP,NA,m10,11,2017,NA
ARG,EPHP,NA,m10,11,2018,NA
ARG,EPHP,NA,m10,11,2019,NA
ARG,EPHP,NA,m10,11,2020,NA
ARG,EPHP,NA,m10,11,2021,NA
ARG,EPHP,NA,m10,11,2022,NA
ARG,EPHC,public,s2,18,1986,NA
ARG,EPHC,public,s2,18,1989,NA
ARG,EPHC,public,s2,18,1990,NA
ARG,EPHC,public,s2,18,1991,NA
ARG,EPHC,public,s2,18,1992,NA
ARG,EPHC,public,s2,18,1993,NA
ARG,EPHC,public,s2,18,1994,NA
ARG,EPHC,public,s2,18,1995,NA
ARG,EPHC,public,s2,18,1996,NA
ARG,EPHC,public,s2,18,1997,NA
ARG,EPHC,public,s2,18,1998,NA
ARG,EPHC,public,s2,18,1999,NA
ARG,EPHC,public,s2,18,2000,NA
ARG,EPHC,public,s2,18,2001,NA
ARG,EPHC,public,s2,18,2002,NA
ARG,EPHC,public,s2,18,2003,1
ARG,EPHC,public,s2,18,2004,1
ARG,EPHC,public,s2,18,2005,1
ARG,EPHC,public,s2,18,2006,1
ARG,EPHC,public,s2,18,2007,1
ARG,EPHC,public,s2,18,2008,1
ARG,EPHC,public,s2,18,2009,1
ARG,EPHC,public,s2,18,2010,1
ARG,EPHC,public,s2,18,2011,1
ARG,EPHC,public,s2,18,2012,1
ARG,EPHC,public,s2,18,2013,1
ARG,EPHC,public,s2,18,2014,1
ARG,EPHC,public,s2,18,2015,NA
ARG,EPHC,public,s2,18,2016,1
ARG,EPHC,public,s2,18,2017,1
ARG,EPHC,public,s2,18,2018,1
ARG,EPHC,public,s2,18,2019,1
ARG,EPHC,public,s2,18,2020,1
ARG,EPHC,public,s2,18,2021,1
ARG,EPHC,public,s2,18,2022,1
ARG,EPHC,public,s1,1,1986,NA
ARG,EPHC,public,s1,1,1989,NA
ARG,EPHC,public,s1,1,1990,NA
ARG,EPHC,public,s1,1,1991,NA
ARG,EPHC,public,s1,1,1992,NA
ARG,EPHC,public,s1,1,1993,NA
ARG,EPHC,public,s1,1,1994,NA
ARG,EPHC,public,s1,1,1995,NA
ARG,EPHC,public,s1,1,1996,NA
ARG,EPHC,public,s1,1,1997,NA
ARG,EPHC,public,s1,1,1998,NA
ARG,EPHC,public,s1,1,1999,NA
ARG,EPHC,public,s1,1,2000,NA
ARG,EPHC,public,s1,1,2001,NA
ARG,EPHC,public,s1,1,2002,NA
ARG,EPHC,public,s1,1,2003,NA
ARG,EPHC,public,s1,1,2004,NA
ARG,EPHC,public,s1,1,2005,NA
ARG,EPHC,public,s1,1,2006,NA
ARG,EPHC,public,s1,1,2007,NA
ARG,EPHC,public,s1,1,2008,NA
ARG,EPHC,public,s1,1,2009,NA
ARG,EPHC,public,s1,1,2010,NA
ARG,EPHC,public,s1,1,2011,NA
ARG,EPHC,public,s1,1,2012,NA
ARG,EPHC,public,s1,1,2013,NA
ARG,EPHC,public,s1,1,2014,NA
ARG,EPHC,public,s1,1,2015,1
ARG,EPHC,public,s1,1,2016,NA
ARG,EPHC,public,s1,1,2017,NA
ARG,EPHC,public,s1,1,2018,NA
ARG,EPHC,public,s1,1,2019,NA
ARG,EPHC,public,s1,1,2020,NA
ARG,EPHC,public,s1,1,2021,NA
ARG,EPHC,public,s1,1,2022,NA
BHS,LFS,restricted,a,13,1986,NA
BHS,LFS,restricted,a,13,1989,NA
BHS,LFS,restricted,a,13,1990,NA
BHS,LFS,restricted,a,13,1991,NA
BHS,LFS,restricted,a,13,1992,NA
BHS,LFS,restricted,a,13,1993,NA
BHS,LFS,restricted,a,13,1994,NA
BHS,LFS,restricted,a,13,1995,NA
BHS,LFS,restricted,a,13,1996,NA
BHS,LFS,restricted,a,13,1997,NA
BHS,LFS,restricted,a,13,1998,NA
BHS,LFS,restricted,a,13,1999,NA
BHS,LFS,restricted,a,13,2000,NA
BHS,LFS,restricted,a,13,2001,1
BHS,LFS,restricted,a,13,2002,1
BHS,LFS,restricted,a,13,2003,1
BHS,LFS,restricted,a,13,2004,1
BHS,LFS,restricted,a,13,2005,1
BHS,LFS,restricted,a,13,2006,1
BHS,LFS,restricted,a,13,2007,1
BHS,LFS,restricted,a,13,2008,1
BHS,LFS,restricted,a,13,2009,1
BHS,LFS,restricted,a,13,2010,NA
BHS,LFS,restricted,a,13,2011,1
BHS,LFS,restricted,a,13,2012,1
BHS,LFS,restricted,a,13,2013,1
BHS,LFS,restricted,a,13,2014,1
BHS,LFS,restricted,a,13,2015,NA
BHS,LFS,restricted,a,13,2016,NA
BHS,LFS,restricted,a,13,2017,NA
BHS,LFS,restricted,a,13,2018,NA
BHS,LFS,restricted,a,13,2019,NA
BHS,LFS,restricted,a,13,2020,NA
BHS,LFS,restricted,a,13,2021,NA
BHS,LFS,restricted,a,13,2022,NA
BLZ,LFS,restricted,m4,7,1986,NA
BLZ,LFS,restricted,m4,7,1989,NA
BLZ,LFS,restricted,m4,7,1990,NA
BLZ,LFS,restricted,m4,7,1991,NA
BLZ,LFS,restricted,m4,7,1992,NA
BLZ,LFS,restricted,m4,7,1993,1
BLZ,LFS,restricted,m4,7,1994,1
BLZ,LFS,restricted,m4,7,1995,1
BLZ,LFS,restricted,m4,7,1996,1
BLZ,LFS,restricted,m4,7,1997,1
BLZ,LFS,restricted,m4,7,1998,1
BLZ,LFS,restricted,m4,7,1999,1
BLZ,LFS,restricted,m4,7,2000,NA
BLZ,LFS,restricted,m4,7,2001,NA
BLZ,LFS,restricted,m4,7,2002,NA
BLZ,LFS,restricted,m4,7,2003,NA
BLZ,LFS,restricted,m4,7,2004,NA
BLZ,LFS,restricted,m4,7,2005,NA
BLZ,LFS,restricted,m4,7,2006,NA
BLZ,LFS,restricted,m4,7,2007,NA
BLZ,LFS,restricted,m4,7,2008,NA
BLZ,LFS,restricted,m4,7,2009,NA
BLZ,LFS,restricted,m4,7,2010,NA
BLZ,LFS,restricted,m4,7,2011,NA
BLZ,LFS,restricted,m4,7,2012,NA
BLZ,LFS,restricted,m4,7,2013,NA
BLZ,LFS,restricted,m4,7,2014,NA
BLZ,LFS,restricted,m4,7,2015,NA
BLZ,LFS,restricted,m4,7,2016,NA
BLZ,LFS,restricted,m4,7,2017,NA
BLZ,LFS,restricted,m4,7,2018,NA
BLZ,LFS,restricted,m4,7,2019,NA
BLZ,LFS,restricted,m4,7,2020,NA
BLZ,LFS,restricted,m4,7,2021,NA
BLZ,LFS,restricted,m4,7,2022,NA
BLZ,LFS,restricted,a,5,1986,NA
BLZ,LFS,restricted,a,5,1989,NA
BLZ,LFS,restricted,a,5,1990,NA
BLZ,LFS,restricted,a,5,1991,NA
BLZ,LFS,restricted,a,5,1992,NA
BLZ,LFS,restricted,a,5,1993,NA
BLZ,LFS,restricted,a,5,1994,NA
BLZ,LFS,restricted,a,5,1995,NA
BLZ,LFS,restricted,a,5,1996,NA
BLZ,LFS,restricted,a,5,1997,NA
BLZ,LFS,restricted,a,5,1998,NA
BLZ,LFS,restricted,a,5,1999,NA
BLZ,LFS,restricted,a,5,2000,NA
BLZ,LFS,restricted,a,5,2001,1
BLZ,LFS,restricted,a,5,2002,1
BLZ,LFS,restricted,a,5,2003,1
BLZ,LFS,restricted,a,5,2004,1
BLZ,LFS,restricted,a,5,2005,1
BLZ,LFS,restricted,a,5,2006,NA
BLZ,LFS,restricted,a,5,2007,NA
BLZ,LFS,restricted,a,5,2008,NA
BLZ,LFS,restricted,a,5,2009,NA
BLZ,LFS,restricted,a,5,2010,NA
BLZ,LFS,restricted,a,5,2011,NA
BLZ,LFS,restricted,a,5,2012,NA
BLZ,LFS,restricted,a,5,2013,NA
BLZ,LFS,restricted,a,5,2014,NA
BLZ,LFS,restricted,a,5,2015,NA
BLZ,LFS,restricted,a,5,2016,NA
BLZ,LFS,restricted,a,5,2017,NA
BLZ,LFS,restricted,a,5,2018,NA
BLZ,LFS,restricted,a,5,2019,NA
BLZ,LFS,restricted,a,5,2020,NA
BLZ,LFS,restricted,a,5,2021,NA
BLZ,LFS,restricted,a,5,2022,NA
BLZ,LFS,restricted,m10,1,1986,NA
BLZ,LFS,restricted,m10,1,1989,NA
BLZ,LFS,restricted,m10,1,1990,NA
BLZ,LFS,restricted,m10,1,1991,NA
BLZ,LFS,restricted,m10,1,1992,NA
BLZ,LFS,restricted,m10,1,1993,NA
BLZ,LFS,restricted,m10,1,1994,NA
BLZ,LFS,restricted,m10,1,1995,NA
BLZ,LFS,restricted,m10,1,1996,NA
BLZ,LFS,restricted,m10,1,1997,NA
BLZ,LFS,restricted,m10,1,1998,NA
BLZ,LFS,restricted,m10,1,1999,NA
BLZ,LFS,restricted,m10,1,2000,NA
BLZ,LFS,restricted,m10,1,2001,NA
BLZ,LFS,restricted,m10,1,2002,NA
BLZ,LFS,restricted,m10,1,2003,NA
BLZ,LFS,restricted,m10,1,2004,NA
BLZ,LFS,restricted,m10,1,2005,NA
BLZ,LFS,restricted,m10,1,2006,NA
BLZ,LFS,restricted,m10,1,2007,1
BLZ,LFS,restricted,m10,1,2008,NA
BLZ,LFS,restricted,m10,1,2009,NA
BLZ,LFS,restricted,m10,1,2010,NA
BLZ,LFS,restricted,m10,1,2011,NA
BLZ,LFS,restricted,m10,1,2012,NA
BLZ,LFS,restricted,m10,1,2013,NA
BLZ,LFS,restricted,m10,1,2014,NA
BLZ,LFS,restricted,m10,1,2015,NA
BLZ,LFS,restricted,m10,1,2016,NA
BLZ,LFS,restricted,m10,1,2017,NA
BLZ,LFS,restricted,m10,1,2018,NA
BLZ,LFS,restricted,m10,1,2019,NA
BLZ,LFS,restricted,m10,1,2020,NA
BLZ,LFS,restricted,m10,1,2021,NA
BLZ,LFS,restricted,m10,1,2022,NA
BOL,EIH,NA,m11,4,1986,NA
BOL,EIH,NA,m11,4,1989,NA
BOL,EIH,NA,m11,4,1990,1
BOL,EIH,NA,m11,4,1991,1
BOL,EIH,NA,m11,4,1992,1
BOL,EIH,NA,m11,4,1993,1
BOL,EIH,NA,m11,4,1994,NA
BOL,EIH,NA,m11,4,1995,NA
BOL,EIH,NA,m11,4,1996,NA
BOL,EIH,NA,m11,4,1997,NA
BOL,EIH,NA,m11,4,1998,NA
BOL,EIH,NA,m11,4,1999,NA
BOL,EIH,NA,m11,4,2000,NA
BOL,EIH,NA,m11,4,2001,NA
BOL,EIH,NA,m11,4,2002,NA
BOL,EIH,NA,m11,4,2003,NA
BOL,EIH,NA,m11,4,2004,NA
BOL,EIH,NA,m11,4,2005,NA
BOL,EIH,NA,m11,4,2006,NA
BOL,EIH,NA,m11,4,2007,NA
BOL,EIH,NA,m11,4,2008,NA
BOL,EIH,NA,m11,4,2009,NA
BOL,EIH,NA,m11,4,2010,NA
BOL,EIH,NA,m11,4,2011,NA
BOL,EIH,NA,m11,4,2012,NA
BOL,EIH,NA,m11,4,2013,NA
BOL,EIH,NA,m11,4,2014,NA
BOL,EIH,NA,m11,4,2015,NA
BOL,EIH,NA,m11,4,2016,NA
BOL,EIH,NA,m11,4,2017,NA
BOL,EIH,NA,m11,4,2018,NA
BOL,EIH,NA,m11,4,2019,NA
BOL,EIH,NA,m11,4,2020,NA
BOL,EIH,NA,m11,4,2021,NA
BOL,EIH,NA,m11,4,2022,NA
BOL,EIH,NA,m7_m12,1,1986,NA
BOL,EIH,NA,m7_m12,1,1989,NA
BOL,EIH,NA,m7_m12,1,1990,NA
BOL,EIH,NA,m7_m12,1,1991,NA
BOL,EIH,NA,m7_m12,1,1992,NA
BOL,EIH,NA,m7_m12,1,1993,NA
BOL,EIH,NA,m7_m12,1,1994,1
BOL,EIH,NA,m7_m12,1,1995,NA
BOL,EIH,NA,m7_m12,1,1996,NA
BOL,EIH,NA,m7_m12,1,1997,NA
BOL,EIH,NA,m7_m12,1,1998,NA
BOL,EIH,NA,m7_m12,1,1999,NA
BOL,EIH,NA,m7_m12,1,2000,NA
BOL,EIH,NA,m7_m12,1,2001,NA
BOL,EIH,NA,m7_m12,1,2002,NA
BOL,EIH,NA,m7_m12,1,2003,NA
BOL,EIH,NA,m7_m12,1,2004,NA
BOL,EIH,NA,m7_m12,1,2005,NA
BOL,EIH,NA,m7_m12,1,2006,NA
BOL,EIH,NA,m7_m12,1,2007,NA
BOL,EIH,NA,m7_m12,1,2008,NA
BOL,EIH,NA,m7_m12,1,2009,NA
BOL,EIH,NA,m7_m12,1,2010,NA
BOL,EIH,NA,m7_m12,1,2011,NA
BOL,EIH,NA,m7_m12,1,2012,NA
BOL,EIH,NA,m7_m12,1,2013,NA
BOL,EIH,NA,m7_m12,1,2014,NA
BOL,EIH,NA,m7_m12,1,2015,NA
BOL,EIH,NA,m7_m12,1,2016,NA
BOL,EIH,NA,m7_m12,1,2017,NA
BOL,EIH,NA,m7_m12,1,2018,NA
BOL,EIH,NA,m7_m12,1,2019,NA
BOL,EIH,NA,m7_m12,1,2020,NA
BOL,EIH,NA,m7_m12,1,2021,NA
BOL,EIH,NA,m7_m12,1,2022,NA
BOL,EIH,NA,m6,1,1986,NA
BOL,EIH,NA,m6,1,1989,NA
BOL,EIH,NA,m6,1,1990,NA
BOL,EIH,NA,m6,1,1991,NA
BOL,EIH,NA,m6,1,1992,NA
BOL,EIH,NA,m6,1,1993,NA
BOL,EIH,NA,m6,1,1994,NA
BOL,EIH,NA,m6,1,1995,1
BOL,EIH,NA,m6,1,1996,NA
BOL,EIH,NA,m6,1,1997,NA
BOL,EIH,NA,m6,1,1998,NA
BOL,EIH,NA,m6,1,1999,NA
BOL,EIH,NA,m6,1,2000,NA
BOL,EIH,NA,m6,1,2001,NA
BOL,EIH,NA,m6,1,2002,NA
BOL,EIH,NA,m6,1,2003,NA
BOL,EIH,NA,m6,1,2004,NA
BOL,EIH,NA,m6,1,2005,NA
BOL,EIH,NA,m6,1,2006,NA
BOL,EIH,NA,m6,1,2007,NA
BOL,EIH,NA,m6,1,2008,NA
BOL,EIH,NA,m6,1,2009,NA
BOL,EIH,NA,m6,1,2010,NA
BOL,EIH,NA,m6,1,2011,NA
BOL,EIH,NA,m6,1,2012,NA
BOL,EIH,NA,m6,1,2013,NA
BOL,EIH,NA,m6,1,2014,NA
BOL,EIH,NA,m6,1,2015,NA
BOL,EIH,NA,m6,1,2016,NA
BOL,EIH,NA,m6,1,2017,NA
BOL,EIH,NA,m6,1,2018,NA
BOL,EIH,NA,m6,1,2019,NA
BOL,EIH,NA,m6,1,2020,NA
BOL,EIH,NA,m6,1,2021,NA
BOL,EIH,NA,m6,1,2022,NA
BOL,ENE,NA,m6,1,1986,NA
BOL,ENE,NA,m6,1,1989,NA
BOL,ENE,NA,m6,1,1990,NA
BOL,ENE,NA,m6,1,1991,NA
BOL,ENE,NA,m6,1,1992,NA
BOL,ENE,NA,m6,1,1993,NA
BOL,ENE,NA,m6,1,1994,NA
BOL,ENE,NA,m6,1,1995,NA
BOL,ENE,NA,m6,1,1996,1
BOL,ENE,NA,m6,1,1997,NA
BOL,ENE,NA,m6,1,1998,NA
BOL,ENE,NA,m6,1,1999,NA
BOL,ENE,NA,m6,1,2000,NA
BOL,ENE,NA,m6,1,2001,NA
BOL,ENE,NA,m6,1,2002,NA
BOL,ENE,NA,m6,1,2003,NA
BOL,ENE,NA,m6,1,2004,NA
BOL,ENE,NA,m6,1,2005,NA
BOL,ENE,NA,m6,1,2006,NA
BOL,ENE,NA,m6,1,2007,NA
BOL,ENE,NA,m6,1,2008,NA
BOL,ENE,NA,m6,1,2009,NA
BOL,ENE,NA,m6,1,2010,NA
BOL,ENE,NA,m6,1,2011,NA
BOL,ENE,NA,m6,1,2012,NA
BOL,ENE,NA,m6,1,2013,NA
BOL,ENE,NA,m6,1,2014,NA
BOL,ENE,NA,m6,1,2015,NA
BOL,ENE,NA,m6,1,2016,NA
BOL,ENE,NA,m6,1,2017,NA
BOL,ENE,NA,m6,1,2018,NA
BOL,ENE,NA,m6,1,2019,NA
BOL,ENE,NA,m6,1,2020,NA
BOL,ENE,NA,m6,1,2021,NA
BOL,ENE,NA,m6,1,2022,NA
BOL,ENE,NA,m11,1,1986,NA
BOL,ENE,NA,m11,1,1989,NA
BOL,ENE,NA,m11,1,1990,NA
BOL,ENE,NA,m11,1,1991,NA
BOL,ENE,NA,m11,1,1992,NA
BOL,ENE,NA,m11,1,1993,NA
BOL,ENE,NA,m11,1,1994,NA
BOL,ENE,NA,m11,1,1995,NA
BOL,ENE,NA,m11,1,1996,NA
BOL,ENE,NA,m11,1,1997,1
BOL,ENE,NA,m11,1,1998,NA
BOL,ENE,NA,m11,1,1999,NA
BOL,ENE,NA,m11,1,2000,NA
BOL,ENE,NA,m11,1,2001,NA
BOL,ENE,NA,m11,1,2002,NA
BOL,ENE,NA,m11,1,2003,NA
BOL,ENE,NA,m11,1,2004,NA
BOL,ENE,NA,m11,1,2005,NA
BOL,ENE,NA,m11,1,2006,NA
BOL,ENE,NA,m11,1,2007,NA
BOL,ENE,NA,m11,1,2008,NA
BOL,ENE,NA,m11,1,2009,NA
BOL,ENE,NA,m11,1,2010,NA
BOL,ENE,NA,m11,1,2011,NA
BOL,ENE,NA,m11,1,2012,NA
BOL,ENE,NA,m11,1,2013,NA
BOL,ENE,NA,m11,1,2014,NA
BOL,ENE,NA,m11,1,2015,NA
BOL,ENE,NA,m11,1,2016,NA
BOL,ENE,NA,m11,1,2017,NA
BOL,ENE,NA,m11,1,2018,NA
BOL,ENE,NA,m11,1,2019,NA
BOL,ENE,NA,m11,1,2020,NA
BOL,ENE,NA,m11,1,2021,NA
BOL,ENE,NA,m11,1,2022,NA
BOL,ECH,NA,m11,12,1986,NA
BOL,ECH,NA,m11,12,1989,NA
BOL,ECH,NA,m11,12,1990,NA
BOL,ECH,NA,m11,12,1991,NA
BOL,ECH,NA,m11,12,1992,NA
BOL,ECH,NA,m11,12,1993,NA
BOL,ECH,NA,m11,12,1994,NA
BOL,ECH,NA,m11,12,1995,NA
BOL,ECH,NA,m11,12,1996,NA
BOL,ECH,NA,m11,12,1997,NA
BOL,ECH,NA,m11,12,1998,NA
BOL,ECH,NA,m11,12,1999,1
BOL,ECH,NA,m11,12,2000,1
BOL,ECH,NA,m11,12,2001,NA
BOL,ECH,NA,m11,12,2002,NA
BOL,ECH,NA,m11,12,2003,NA
BOL,ECH,NA,m11,12,2004,NA
BOL,ECH,NA,m11,12,2005,NA
BOL,ECH,NA,m11,12,2006,NA
BOL,ECH,NA,m11,12,2007,NA
BOL,ECH,NA,m11,12,2008,NA
BOL,ECH,NA,m11,12,2009,NA
BOL,ECH,NA,m11,12,2010,NA
BOL,ECH,NA,m11,12,2011,NA
BOL,ECH,NA,m11,12,2012,1
BOL,ECH,NA,m11,12,2013,1
BOL,ECH,NA,m11,12,2014,1
BOL,ECH,NA,m11,12,2015,1
BOL,ECH,NA,m11,12,2016,1
BOL,ECH,NA,m11,12,2017,1
BOL,ECH,NA,m11,12,2018,1
BOL,ECH,NA,m11,12,2019,1
BOL,ECH,NA,m11,12,2020,1
BOL,ECH,NA,m11,12,2021,1
BOL,ECH,NA,m11,12,2022,NA
BOL,ECH,NA,m11_m12,9,1986,NA
BOL,ECH,NA,m11_m12,9,1989,NA
BOL,ECH,NA,m11_m12,9,1990,NA
BOL,ECH,NA,m11_m12,9,1991,NA
BOL,ECH,NA,m11_m12,9,1992,NA
BOL,ECH,NA,m11_m12,9,1993,NA
BOL,ECH,NA,m11_m12,9,1994,NA
BOL,ECH,NA,m11_m12,9,1995,NA
BOL,ECH,NA,m11_m12,9,1996,NA
BOL,ECH,NA,m11_m12,9,1997,NA
BOL,ECH,NA,m11_m12,9,1998,NA
BOL,ECH,NA,m11_m12,9,1999,NA
BOL,ECH,NA,m11_m12,9,2000,NA
BOL,ECH,NA,m11_m12,9,2001,1
BOL,ECH,NA,m11_m12,9,2002,1
BOL,ECH,NA,m11_m12,9,2003,1
BOL,ECH,NA,m11_m12,9,2004,NA
BOL,ECH,NA,m11_m12,9,2005,1
BOL,ECH,NA,m11_m12,9,2006,1
BOL,ECH,NA,m11_m12,9,2007,1
BOL,ECH,NA,m11_m12,9,2008,1
BOL,ECH,NA,m11_m12,9,2009,1
BOL,ECH,NA,m11_m12,9,2010,NA
BOL,ECH,NA,m11_m12,9,2011,1
BOL,ECH,NA,m11_m12,9,2012,NA
BOL,ECH,NA,m11_m12,9,2013,NA
BOL,ECH,NA,m11_m12,9,2014,NA
BOL,ECH,NA,m11_m12,9,2015,NA
BOL,ECH,NA,m11_m12,9,2016,NA
BOL,ECH,NA,m11_m12,9,2017,NA
BOL,ECH,NA,m11_m12,9,2018,NA
BOL,ECH,NA,m11_m12,9,2019,NA
BOL,ECH,NA,m11_m12,9,2020,NA
BOL,ECH,NA,m11_m12,9,2021,NA
BOL,ECH,NA,m11_m12,9,2022,NA
BRA,PNAD,public,m9,22,1986,NA
BRA,PNAD,public,m9,22,1989,NA
BRA,PNAD,public,m9,22,1990,1
BRA,PNAD,public,m9,22,1991,NA
BRA,PNAD,public,m9,22,1992,1
BRA,PNAD,public,m9,22,1993,1
BRA,PNAD,public,m9,22,1994,NA
BRA,PNAD,public,m9,22,1995,1
BRA,PNAD,public,m9,22,1996,1
BRA,PNAD,public,m9,22,1997,1
BRA,PNAD,public,m9,22,1998,1
BRA,PNAD,public,m9,22,1999,1
BRA,PNAD,public,m9,22,2000,NA
BRA,PNAD,public,m9,22,2001,1
BRA,PNAD,public,m9,22,2002,1
BRA,PNAD,public,m9,22,2003,1
BRA,PNAD,public,m9,22,2004,1
BRA,PNAD,public,m9,22,2005,1
BRA,PNAD,public,m9,22,2006,1
BRA,PNAD,public,m9,22,2007,1
BRA,PNAD,public,m9,22,2008,1
BRA,PNAD,public,m9,22,2009,1
BRA,PNAD,public,m9,22,2010,NA
BRA,PNAD,public,m9,22,2011,1
BRA,PNAD,public,m9,22,2012,1
BRA,PNAD,public,m9,22,2013,1
BRA,PNAD,public,m9,22,2014,1
BRA,PNAD,public,m9,22,2015,1
BRA,PNAD,public,m9,22,2016,NA
BRA,PNAD,public,m9,22,2017,NA
BRA,PNAD,public,m9,22,2018,NA
BRA,PNAD,public,m9,22,2019,NA
BRA,PNAD,public,m9,22,2020,NA
BRA,PNAD,public,m9,22,2021,NA
BRA,PNAD,public,m9,22,2022,NA
BRA,PNADC,public,a,6,1986,NA
BRA,PNADC,public,a,6,1989,NA
BRA,PNADC,public,a,6,1990,NA
BRA,PNADC,public,a,6,1991,NA
BRA,PNADC,public,a,6,1992,NA
BRA,PNADC,public,a,6,1993,NA
BRA,PNADC,public,a,6,1994,NA
BRA,PNADC,public,a,6,1995,NA
BRA,PNADC,public,a,6,1996,NA
BRA,PNADC,public,a,6,1997,NA
BRA,PNADC,public,a,6,1998,NA
BRA,PNADC,public,a,6,1999,NA
BRA,PNADC,public,a,6,2000,NA
BRA,PNADC,public,a,6,2001,NA
BRA,PNADC,public,a,6,2002,NA
BRA,PNADC,public,a,6,2003,NA
BRA,PNADC,public,a,6,2004,NA
BRA,PNADC,public,a,6,2005,NA
BRA,PNADC,public,a,6,2006,NA
BRA,PNADC,public,a,6,2007,NA
BRA,PNADC,public,a,6,2008,NA
BRA,PNADC,public,a,6,2009,NA
BRA,PNADC,public,a,6,2010,NA
BRA,PNADC,public,a,6,2011,NA
BRA,PNADC,public,a,6,2012,NA
BRA,PNADC,public,a,6,2013,NA
BRA,PNADC,public,a,6,2014,NA
BRA,PNADC,public,a,6,2015,NA
BRA,PNADC,public,a,6,2016,1
BRA,PNADC,public,a,6,2017,1
BRA,PNADC,public,a,6,2018,1
BRA,PNADC,public,a,6,2019,1
BRA,PNADC,public,a,6,2020,1
BRA,PNADC,public,a,6,2021,1
BRA,PNADC,public,a,6,2022,1
BRB,CLFS,restricted,a,13,1986,NA
BRB,CLFS,restricted,a,13,1989,NA
BRB,CLFS,restricted,a,13,1990,NA
BRB,CLFS,restricted,a,13,1991,NA
BRB,CLFS,restricted,a,13,1992,NA
BRB,CLFS,restricted,a,13,1993,NA
BRB,CLFS,restricted,a,13,1994,NA
BRB,CLFS,restricted,a,13,1995,NA
BRB,CLFS,restricted,a,13,1996,NA
BRB,CLFS,restricted,a,13,1997,NA
BRB,CLFS,restricted,a,13,1998,NA
BRB,CLFS,restricted,a,13,1999,NA
BRB,CLFS,restricted,a,13,2000,1
BRB,CLFS,restricted,a,13,2001,NA
BRB,CLFS,restricted,a,13,2002,NA
BRB,CLFS,restricted,a,13,2003,NA
BRB,CLFS,restricted,a,13,2004,1
BRB,CLFS,restricted,a,13,2005,1
BRB,CLFS,restricted,a,13,2006,1
BRB,CLFS,restricted,a,13,2007,1
BRB,CLFS,restricted,a,13,2008,1
BRB,CLFS,restricted,a,13,2009,1
BRB,CLFS,restricted,a,13,2010,1
BRB,CLFS,restricted,a,13,2011,1
BRB,CLFS,restricted,a,13,2012,1
BRB,CLFS,restricted,a,13,2013,1
BRB,CLFS,restricted,a,13,2014,1
BRB,CLFS,restricted,a,13,2015,1
BRB,CLFS,restricted,a,13,2016,NA
BRB,CLFS,restricted,a,13,2017,NA
BRB,CLFS,restricted,a,13,2018,NA
BRB,CLFS,restricted,a,13,2019,NA
BRB,CLFS,restricted,a,13,2020,NA
BRB,CLFS,restricted,a,13,2021,NA
BRB,CLFS,restricted,a,13,2022,NA
BRB,CLFS,restricted,m1_m6,1,1986,NA
BRB,CLFS,restricted,m1_m6,1,1989,NA
BRB,CLFS,restricted,m1_m6,1,1990,NA
BRB,CLFS,restricted,m1_m6,1,1991,NA
BRB,CLFS,restricted,m1_m6,1,1992,NA
BRB,CLFS,restricted,m1_m6,1,1993,NA
BRB,CLFS,restricted,m1_m6,1,1994,NA
BRB,CLFS,restricted,m1_m6,1,1995,NA
BRB,CLFS,restricted,m1_m6,1,1996,NA
BRB,CLFS,restricted,m1_m6,1,1997,NA
BRB,CLFS,restricted,m1_m6,1,1998,NA
BRB,CLFS,restricted,m1_m6,1,1999,NA
BRB,CLFS,restricted,m1_m6,1,2000,NA
BRB,CLFS,restricted,m1_m6,1,2001,NA
BRB,CLFS,restricted,m1_m6,1,2002,NA
BRB,CLFS,restricted,m1_m6,1,2003,NA
BRB,CLFS,restricted,m1_m6,1,2004,NA
BRB,CLFS,restricted,m1_m6,1,2005,NA
BRB,CLFS,restricted,m1_m6,1,2006,NA
BRB,CLFS,restricted,m1_m6,1,2007,NA
BRB,CLFS,restricted,m1_m6,1,2008,NA
BRB,CLFS,restricted,m1_m6,1,2009,NA
BRB,CLFS,restricted,m1_m6,1,2010,NA
BRB,CLFS,restricted,m1_m6,1,2011,NA
BRB,CLFS,restricted,m1_m6,1,2012,NA
BRB,CLFS,restricted,m1_m6,1,2013,NA
BRB,CLFS,restricted,m1_m6,1,2014,NA
BRB,CLFS,restricted,m1_m6,1,2015,NA
BRB,CLFS,restricted,m1_m6,1,2016,1
BRB,CLFS,restricted,m1_m6,1,2017,NA
BRB,CLFS,restricted,m1_m6,1,2018,NA
BRB,CLFS,restricted,m1_m6,1,2019,NA
BRB,CLFS,restricted,m1_m6,1,2020,NA
BRB,CLFS,restricted,m1_m6,1,2021,NA
BRB,CLFS,restricted,m1_m6,1,2022,NA
CHL,CASEN,NA,m11_m12,9,1986,NA
CHL,CASEN,NA,m11_m12,9,1989,NA
CHL,CASEN,NA,m11_m12,9,1990,1
CHL,CASEN,NA,m11_m12,9,1991,NA
CHL,CASEN,NA,m11_m12,9,1992,1
CHL,CASEN,NA,m11_m12,9,1993,NA
CHL,CASEN,NA,m11_m12,9,1994,1
CHL,CASEN,NA,m11_m12,9,1995,NA
CHL,CASEN,NA,m11_m12,9,1996,1
CHL,CASEN,NA,m11_m12,9,1997,NA
CHL,CASEN,NA,m11_m12,9,1998,1
CHL,CASEN,NA,m11_m12,9,1999,NA
CHL,CASEN,NA,m11_m12,9,2000,1
CHL,CASEN,NA,m11_m12,9,2001,NA
CHL,CASEN,NA,m11_m12,9,2002,NA
CHL,CASEN,NA,m11_m12,9,2003,1
CHL,CASEN,NA,m11_m12,9,2004,NA
CHL,CASEN,NA,m11_m12,9,2005,NA
CHL,CASEN,NA,m11_m12,9,2006,1
CHL,CASEN,NA,m11_m12,9,2007,NA
CHL,CASEN,NA,m11_m12,9,2008,NA
CHL,CASEN,NA,m11_m12,9,2009,1
CHL,CASEN,NA,m11_m12,9,2010,NA
CHL,CASEN,NA,m11_m12,9,2011,NA
CHL,CASEN,NA,m11_m12,9,2012,NA
CHL,CASEN,NA,m11_m12,9,2013,NA
CHL,CASEN,NA,m11_m12,9,2014,NA
CHL,CASEN,NA,m11_m12,9,2015,NA
CHL,CASEN,NA,m11_m12,9,2016,NA
CHL,CASEN,NA,m11_m12,9,2017,NA
CHL,CASEN,NA,m11_m12,9,2018,NA
CHL,CASEN,NA,m11_m12,9,2019,NA
CHL,CASEN,NA,m11_m12,9,2020,NA
CHL,CASEN,NA,m11_m12,9,2021,NA
CHL,CASEN,NA,m11_m12,9,2022,NA
CHL,CASEN,NA,m11_m12_m1,5,1986,NA
CHL,CASEN,NA,m11_m12_m1,5,1989,NA
CHL,CASEN,NA,m11_m12_m1,5,1990,NA
CHL,CASEN,NA,m11_m12_m1,5,1991,NA
CHL,CASEN,NA,m11_m12_m1,5,1992,NA
CHL,CASEN,NA,m11_m12_m1,5,1993,NA
CHL,CASEN,NA,m11_m12_m1,5,1994,NA
CHL,CASEN,NA,m11_m12_m1,5,1995,NA
CHL,CASEN,NA,m11_m12_m1,5,1996,NA
CHL,CASEN,NA,m11_m12_m1,5,1997,NA
CHL,CASEN,NA,m11_m12_m1,5,1998,NA
CHL,CASEN,NA,m11_m12_m1,5,1999,NA
CHL,CASEN,NA,m11_m12_m1,5,2000,NA
CHL,CASEN,NA,m11_m12_m1,5,2001,NA
CHL,CASEN,NA,m11_m12_m1,5,2002,NA
CHL,CASEN,NA,m11_m12_m1,5,2003,NA
CHL,CASEN,NA,m11_m12_m1,5,2004,NA
CHL,CASEN,NA,m11_m12_m1,5,2005,NA
CHL,CASEN,NA,m11_m12_m1,5,2006,NA
CHL,CASEN,NA,m11_m12_m1,5,2007,NA
CHL,CASEN,NA,m11_m12_m1,5,2008,NA
CHL,CASEN,NA,m11_m12_m1,5,2009,NA
CHL,CASEN,NA,m11_m12_m1,5,2010,NA
CHL,CASEN,NA,m11_m12_m1,5,2011,1
CHL,CASEN,NA,m11_m12_m1,5,2012,NA
CHL,CASEN,NA,m11_m12_m1,5,2013,1
CHL,CASEN,NA,m11_m12_m1,5,2014,NA
CHL,CASEN,NA,m11_m12_m1,5,2015,1
CHL,CASEN,NA,m11_m12_m1,5,2016,NA
CHL,CASEN,NA,m11_m12_m1,5,2017,1
CHL,CASEN,NA,m11_m12_m1,5,2018,NA
CHL,CASEN,NA,m11_m12_m1,5,2019,NA
CHL,CASEN,NA,m11_m12_m1,5,2020,1
CHL,CASEN,NA,m11_m12_m1,5,2021,NA
CHL,CASEN,NA,m11_m12_m1,5,2022,NA
COL,ENH-FT,NA,m9,12,1986,NA
COL,ENH-FT,NA,m9,12,1989,1
COL,ENH-FT,NA,m9,12,1990,1
COL,ENH-FT,NA,m9,12,1991,1
COL,ENH-FT,NA,m9,12,1992,1
COL,ENH-FT,NA,m9,12,1993,1
COL,ENH-FT,NA,m9,12,1994,1
COL,ENH-FT,NA,m9,12,1995,1
COL,ENH-FT,NA,m9,12,1996,1
COL,ENH-FT,NA,m9,12,1997,1
COL,ENH-FT,NA,m9,12,1998,1
COL,ENH-FT,NA,m9,12,1999,1
COL,ENH-FT,NA,m9,12,2000,1
COL,ENH-FT,NA,m9,12,2001,NA
COL,ENH-FT,NA,m9,12,2002,NA
COL,ENH-FT,NA,m9,12,2003,NA
COL,ENH-FT,NA,m9,12,2004,NA
COL,ENH-FT,NA,m9,12,2005,NA
COL,ENH-FT,NA,m9,12,2006,NA
COL,ENH-FT,NA,m9,12,2007,NA
COL,ENH-FT,NA,m9,12,2008,NA
COL,ENH-FT,NA,m9,12,2009,NA
COL,ENH-FT,NA,m9,12,2010,NA
COL,ENH-FT,NA,m9,12,2011,NA
COL,ENH-FT,NA,m9,12,2012,NA
COL,ENH-FT,NA,m9,12,2013,NA
COL,ENH-FT,NA,m9,12,2014,NA
COL,ENH-FT,NA,m9,12,2015,NA
COL,ENH-FT,NA,m9,12,2016,NA
COL,ENH-FT,NA,m9,12,2017,NA
COL,ENH-FT,NA,m9,12,2018,NA
COL,ENH-FT,NA,m9,12,2019,NA
COL,ENH-FT,NA,m9,12,2020,NA
COL,ENH-FT,NA,m9,12,2021,NA
COL,ENH-FT,NA,m9,12,2022,NA
COL,ECH,public,t3,5,1986,NA
COL,ECH,public,t3,5,1989,NA
COL,ECH,public,t3,5,1990,NA
COL,ECH,public,t3,5,1991,NA
COL,ECH,public,t3,5,1992,NA
COL,ECH,public,t3,5,1993,NA
COL,ECH,public,t3,5,1994,NA
COL,ECH,public,t3,5,1995,NA
COL,ECH,public,t3,5,1996,NA
COL,ECH,public,t3,5,1997,NA
COL,ECH,public,t3,5,1998,NA
COL,ECH,public,t3,5,1999,NA
COL,ECH,public,t3,5,2000,NA
COL,ECH,public,t3,5,2001,1
COL,ECH,public,t3,5,2002,1
COL,ECH,public,t3,5,2003,1
COL,ECH,public,t3,5,2004,1
COL,ECH,public,t3,5,2005,1
COL,ECH,public,t3,5,2006,NA
COL,ECH,public,t3,5,2007,NA
COL,ECH,public,t3,5,2008,NA
COL,ECH,public,t3,5,2009,NA
COL,ECH,public,t3,5,2010,NA
COL,ECH,public,t3,5,2011,NA
COL,ECH,public,t3,5,2012,NA
COL,ECH,public,t3,5,2013,NA
COL,ECH,public,t3,5,2014,NA
COL,ECH,public,t3,5,2015,NA
COL,ECH,public,t3,5,2016,NA
COL,ECH,public,t3,5,2017,NA
COL,ECH,public,t3,5,2018,NA
COL,ECH,public,t3,5,2019,NA
COL,ECH,public,t3,5,2020,NA
COL,ECH,public,t3,5,2021,NA
COL,ECH,public,t3,5,2022,NA
COL,GEIH,public,t3,15,1986,NA
COL,GEIH,public,t3,15,1989,NA
COL,GEIH,public,t3,15,1990,NA
COL,GEIH,public,t3,15,1991,NA
COL,GEIH,public,t3,15,1992,NA
COL,GEIH,public,t3,15,1993,NA
COL,GEIH,public,t3,15,1994,NA
COL,GEIH,public,t3,15,1995,NA
COL,GEIH,public,t3,15,1996,NA
COL,GEIH,public,t3,15,1997,NA
COL,GEIH,public,t3,15,1998,NA
COL,GEIH,public,t3,15,1999,NA
COL,GEIH,public,t3,15,2000,NA
COL,GEIH,public,t3,15,2001,NA
COL,GEIH,public,t3,15,2002,NA
COL,GEIH,public,t3,15,2003,NA
COL,GEIH,public,t3,15,2004,NA
COL,GEIH,public,t3,15,2005,NA
COL,GEIH,public,t3,15,2006,1
COL,GEIH,public,t3,15,2007,1
COL,GEIH,public,t3,15,2008,1
COL,GEIH,public,t3,15,2009,1
COL,GEIH,public,t3,15,2010,1
COL,GEIH,public,t3,15,2011,1
COL,GEIH,public,t3,15,2012,1
COL,GEIH,public,t3,15,2013,1
COL,GEIH,public,t3,15,2014,1
COL,GEIH,public,t3,15,2015,1
COL,GEIH,public,t3,15,2016,1
COL,GEIH,public,t3,15,2017,1
COL,GEIH,public,t3,15,2018,1
COL,GEIH,public,t3,15,2019,1
COL,GEIH,public,t3,15,2020,NA
COL,GEIH,public,t3,15,2021,1
COL,GEIH,public,t3,15,2022,NA
COL,GEIH,public,t4,1,1986,NA
COL,GEIH,public,t4,1,1989,NA
COL,GEIH,public,t4,1,1990,NA
COL,GEIH,public,t4,1,1991,NA
COL,GEIH,public,t4,1,1992,NA
COL,GEIH,public,t4,1,1993,NA
COL,GEIH,public,t4,1,1994,NA
COL,GEIH,public,t4,1,1995,NA
COL,GEIH,public,t4,1,1996,NA
COL,GEIH,public,t4,1,1997,NA
COL,GEIH,public,t4,1,1998,NA
COL,GEIH,public,t4,1,1999,NA
COL,GEIH,public,t4,1,2000,NA
COL,GEIH,public,t4,1,2001,NA
COL,GEIH,public,t4,1,2002,NA
COL,GEIH,public,t4,1,2003,NA
COL,GEIH,public,t4,1,2004,NA
COL,GEIH,public,t4,1,2005,NA
COL,GEIH,public,t4,1,2006,NA
COL,GEIH,public,t4,1,2007,NA
COL,GEIH,public,t4,1,2008,NA
COL,GEIH,public,t4,1,2009,NA
COL,GEIH,public,t4,1,2010,NA
COL,GEIH,public,t4,1,2011,NA
COL,GEIH,public,t4,1,2012,NA
COL,GEIH,public,t4,1,2013,NA
COL,GEIH,public,t4,1,2014,NA
COL,GEIH,public,t4,1,2015,NA
COL,GEIH,public,t4,1,2016,NA
COL,GEIH,public,t4,1,2017,NA
COL,GEIH,public,t4,1,2018,NA
COL,GEIH,public,t4,1,2019,NA
COL,GEIH,public,t4,1,2020,1
COL,GEIH,public,t4,1,2021,NA
COL,GEIH,public,t4,1,2022,NA
CRI,EHPM,public,m7,20,1986,NA
CRI,EHPM,public,m7,20,1989,NA
CRI,EHPM,public,m7,20,1990,1
CRI,EHPM,public,m7,20,1991,1
CRI,EHPM,public,m7,20,1992,1
CRI,EHPM,public,m7,20,1993,1
CRI,EHPM,public,m7,20,1994,1
CRI,EHPM,public,m7,20,1995,1
CRI,EHPM,public,m7,20,1996,1
CRI,EHPM,public,m7,20,1997,1
CRI,EHPM,public,m7,20,1998,1
CRI,EHPM,public,m7,20,1999,1
CRI,EHPM,public,m7,20,2000,1
CRI,EHPM,public,m7,20,2001,1
CRI,EHPM,public,m7,20,2002,1
CRI,EHPM,public,m7,20,2003,1
CRI,EHPM,public,m7,20,2004,1
CRI,EHPM,public,m7,20,2005,1
CRI,EHPM,public,m7,20,2006,1
CRI,EHPM,public,m7,20,2007,1
CRI,EHPM,public,m7,20,2008,1
CRI,EHPM,public,m7,20,2009,1
CRI,EHPM,public,m7,20,2010,NA
CRI,EHPM,public,m7,20,2011,NA
CRI,EHPM,public,m7,20,2012,NA
CRI,EHPM,public,m7,20,2013,NA
CRI,EHPM,public,m7,20,2014,NA
CRI,EHPM,public,m7,20,2015,NA
CRI,EHPM,public,m7,20,2016,NA
CRI,EHPM,public,m7,20,2017,NA
CRI,EHPM,public,m7,20,2018,NA
CRI,EHPM,public,m7,20,2019,NA
CRI,EHPM,public,m7,20,2020,NA
CRI,EHPM,public,m7,20,2021,NA
CRI,EHPM,public,m7,20,2022,NA
CRI,ENAHO,public,m7,12,1986,NA
CRI,ENAHO,public,m7,12,1989,NA
CRI,ENAHO,public,m7,12,1990,NA
CRI,ENAHO,public,m7,12,1991,NA
CRI,ENAHO,public,m7,12,1992,NA
CRI,ENAHO,public,m7,12,1993,NA
CRI,ENAHO,public,m7,12,1994,NA
CRI,ENAHO,public,m7,12,1995,NA
CRI,ENAHO,public,m7,12,1996,NA
CRI,ENAHO,public,m7,12,1997,NA
CRI,ENAHO,public,m7,12,1998,NA
CRI,ENAHO,public,m7,12,1999,NA
CRI,ENAHO,public,m7,12,2000,NA
CRI,ENAHO,public,m7,12,2001,NA
CRI,ENAHO,public,m7,12,2002,NA
CRI,ENAHO,public,m7,12,2003,NA
CRI,ENAHO,public,m7,12,2004,NA
CRI,ENAHO,public,m7,12,2005,NA
CRI,ENAHO,public,m7,12,2006,NA
CRI,ENAHO,public,m7,12,2007,NA
CRI,ENAHO,public,m7,12,2008,NA
CRI,ENAHO,public,m7,12,2009,NA
CRI,ENAHO,public,m7,12,2010,1
CRI,ENAHO,public,m7,12,2011,1
CRI,ENAHO,public,m7,12,2012,1
CRI,ENAHO,public,m7,12,2013,1
CRI,ENAHO,public,m7,12,2014,1
CRI,ENAHO,public,m7,12,2015,1
CRI,ENAHO,public,m7,12,2016,1
CRI,ENAHO,public,m7,12,2017,1
CRI,ENAHO,public,m7,12,2018,1
CRI,ENAHO,public,m7,12,2019,1
CRI,ENAHO,public,m7,12,2020,1
CRI,ENAHO,public,m7,12,2021,1
CRI,ENAHO,public,m7,12,2022,1
DOM,ENFT,restricted,m6,1,1986,NA
DOM,ENFT,restricted,m6,1,1989,NA
DOM,ENFT,restricted,m6,1,1990,NA
DOM,ENFT,restricted,m6,1,1991,NA
DOM,ENFT,restricted,m6,1,1992,NA
DOM,ENFT,restricted,m6,1,1993,NA
DOM,ENFT,restricted,m6,1,1994,NA
DOM,ENFT,restricted,m6,1,1995,1
DOM,ENFT,restricted,m6,1,1996,NA
DOM,ENFT,restricted,m6,1,1997,NA
DOM,ENFT,restricted,m6,1,1998,NA
DOM,ENFT,restricted,m6,1,1999,NA
DOM,ENFT,restricted,m6,1,2000,NA
DOM,ENFT,restricted,m6,1,2001,NA
DOM,ENFT,restricted,m6,1,2002,NA
DOM,ENFT,restricted,m6,1,2003,NA
DOM,ENFT,restricted,m6,1,2004,NA
DOM,ENFT,restricted,m6,1,2005,NA
DOM,ENFT,restricted,m6,1,2006,NA
DOM,ENFT,restricted,m6,1,2007,NA
DOM,ENFT,restricted,m6,1,2008,NA
DOM,ENFT,restricted,m6,1,2009,NA
DOM,ENFT,restricted,m6,1,2010,NA
DOM,ENFT,restricted,m6,1,2011,NA
DOM,ENFT,restricted,m6,1,2012,NA
DOM,ENFT,restricted,m6,1,2013,NA
DOM,ENFT,restricted,m6,1,2014,NA
DOM,ENFT,restricted,m6,1,2015,NA
DOM,ENFT,restricted,m6,1,2016,NA
DOM,ENFT,restricted,m6,1,2017,NA
DOM,ENFT,restricted,m6,1,2018,NA
DOM,ENFT,restricted,m6,1,2019,NA
DOM,ENFT,restricted,m6,1,2020,NA
DOM,ENFT,restricted,m6,1,2021,NA
DOM,ENFT,restricted,m6,1,2022,NA
DOM,ENFT,restricted,m2,1,1986,NA
DOM,ENFT,restricted,m2,1,1989,NA
DOM,ENFT,restricted,m2,1,1990,NA
DOM,ENFT,restricted,m2,1,1991,NA
DOM,ENFT,restricted,m2,1,1992,NA
DOM,ENFT,restricted,m2,1,1993,NA
DOM,ENFT,restricted,m2,1,1994,NA
DOM,ENFT,restricted,m2,1,1995,NA
DOM,ENFT,restricted,m2,1,1996,1
DOM,ENFT,restricted,m2,1,1997,NA
DOM,ENFT,restricted,m2,1,1998,NA
DOM,ENFT,restricted,m2,1,1999,NA
DOM,ENFT,restricted,m2,1,2000,NA
DOM,ENFT,restricted,m2,1,2001,NA
DOM,ENFT,restricted,m2,1,2002,NA
DOM,ENFT,restricted,m2,1,2003,NA
DOM,ENFT,restricted,m2,1,2004,NA
DOM,ENFT,restricted,m2,1,2005,NA
DOM,ENFT,restricted,m2,1,2006,NA
DOM,ENFT,restricted,m2,1,2007,NA
DOM,ENFT,restricted,m2,1,2008,NA
DOM,ENFT,restricted,m2,1,2009,NA
DOM,ENFT,restricted,m2,1,2010,NA
DOM,ENFT,restricted,m2,1,2011,NA
DOM,ENFT,restricted,m2,1,2012,NA
DOM,ENFT,restricted,m2,1,2013,NA
DOM,ENFT,restricted,m2,1,2014,NA
DOM,ENFT,restricted,m2,1,2015,NA
DOM,ENFT,restricted,m2,1,2016,NA
DOM,ENFT,restricted,m2,1,2017,NA
DOM,ENFT,restricted,m2,1,2018,NA
DOM,ENFT,restricted,m2,1,2019,NA
DOM,ENFT,restricted,m2,1,2020,NA
DOM,ENFT,restricted,m2,1,2021,NA
DOM,ENFT,restricted,m2,1,2022,NA
DOM,ENFT,restricted,m4,1,1986,NA
DOM,ENFT,restricted,m4,1,1989,NA
DOM,ENFT,restricted,m4,1,1990,NA
DOM,ENFT,restricted,m4,1,1991,NA
DOM,ENFT,restricted,m4,1,1992,NA
DOM,ENFT,restricted,m4,1,1993,NA
DOM,ENFT,restricted,m4,1,1994,NA
DOM,ENFT,restricted,m4,1,1995,NA
DOM,ENFT,restricted,m4,1,1996,NA
DOM,ENFT,restricted,m4,1,1997,1
DOM,ENFT,restricted,m4,1,1998,NA
DOM,ENFT,restricted,m4,1,1999,NA
DOM,ENFT,restricted,m4,1,2000,NA
DOM,ENFT,restricted,m4,1,2001,NA
DOM,ENFT,restricted,m4,1,2002,NA
DOM,ENFT,restricted,m4,1,2003,NA
DOM,ENFT,restricted,m4,1,2004,NA
DOM,ENFT,restricted,m4,1,2005,NA
DOM,ENFT,restricted,m4,1,2006,NA
DOM,ENFT,restricted,m4,1,2007,NA
DOM,ENFT,restricted,m4,1,2008,NA
DOM,ENFT,restricted,m4,1,2009,NA
DOM,ENFT,restricted,m4,1,2010,NA
DOM,ENFT,restricted,m4,1,2011,NA
DOM,ENFT,restricted,m4,1,2012,NA
DOM,ENFT,restricted,m4,1,2013,NA
DOM,ENFT,restricted,m4,1,2014,NA
DOM,ENFT,restricted,m4,1,2015,NA
DOM,ENFT,restricted,m4,1,2016,NA
DOM,ENFT,restricted,m4,1,2017,NA
DOM,ENFT,restricted,m4,1,2018,NA
DOM,ENFT,restricted,m4,1,2019,NA
DOM,ENFT,restricted,m4,1,2020,NA
DOM,ENFT,restricted,m4,1,2021,NA
DOM,ENFT,restricted,m4,1,2022,NA
DOM,ENFT,restricted,m10,17,1986,NA
DOM,ENFT,restricted,m10,17,1989,NA
DOM,ENFT,restricted,m10,17,1990,NA
DOM,ENFT,restricted,m10,17,1991,NA
DOM,ENFT,restricted,m10,17,1992,NA
DOM,ENFT,restricted,m10,17,1993,NA
DOM,ENFT,restricted,m10,17,1994,NA
DOM,ENFT,restricted,m10,17,1995,NA
DOM,ENFT,restricted,m10,17,1996,NA
DOM,ENFT,restricted,m10,17,1997,NA
DOM,ENFT,restricted,m10,17,1998,NA
DOM,ENFT,restricted,m10,17,1999,NA
DOM,ENFT,restricted,m10,17,2000,1
DOM,ENFT,restricted,m10,17,2001,1
DOM,ENFT,restricted,m10,17,2002,1
DOM,ENFT,restricted,m10,17,2003,1
DOM,ENFT,restricted,m10,17,2004,1
DOM,ENFT,restricted,m10,17,2005,1
DOM,ENFT,restricted,m10,17,2006,1
DOM,ENFT,restricted,m10,17,2007,1
DOM,ENFT,restricted,m10,17,2008,1
DOM,ENFT,restricted,m10,17,2009,1
DOM,ENFT,restricted,m10,17,2010,1
DOM,ENFT,restricted,m10,17,2011,1
DOM,ENFT,restricted,m10,17,2012,1
DOM,ENFT,restricted,m10,17,2013,1
DOM,ENFT,restricted,m10,17,2014,1
DOM,ENFT,restricted,m10,17,2015,1
DOM,ENFT,restricted,m10,17,2016,1
DOM,ENFT,restricted,m10,17,2017,NA
DOM,ENFT,restricted,m10,17,2018,NA
DOM,ENFT,restricted,m10,17,2019,NA
DOM,ENFT,restricted,m10,17,2020,NA
DOM,ENFT,restricted,m10,17,2021,NA
DOM,ENFT,restricted,m10,17,2022,NA
DOM,ENCFT,restricted,t4,5,1986,NA
DOM,ENCFT,restricted,t4,5,1989,NA
DOM,ENCFT,restricted,t4,5,1990,NA
DOM,ENCFT,restricted,t4,5,1991,NA
DOM,ENCFT,restricted,t4,5,1992,NA
DOM,ENCFT,restricted,t4,5,1993,NA
DOM,ENCFT,restricted,t4,5,1994,NA
DOM,ENCFT,restricted,t4,5,1995,NA
DOM,ENCFT,restricted,t4,5,1996,NA
DOM,ENCFT,restricted,t4,5,1997,NA
DOM,ENCFT,restricted,t4,5,1998,NA
DOM,ENCFT,restricted,t4,5,1999,NA
DOM,ENCFT,restricted,t4,5,2000,NA
DOM,ENCFT,restricted,t4,5,2001,NA
DOM,ENCFT,restricted,t4,5,2002,NA
DOM,ENCFT,restricted,t4,5,2003,NA
DOM,ENCFT,restricted,t4,5,2004,NA
DOM,ENCFT,restricted,t4,5,2005,NA
DOM,ENCFT,restricted,t4,5,2006,NA
DOM,ENCFT,restricted,t4,5,2007,NA
DOM,ENCFT,restricted,t4,5,2008,NA
DOM,ENCFT,restricted,t4,5,2009,NA
DOM,ENCFT,restricted,t4,5,2010,NA
DOM,ENCFT,restricted,t4,5,2011,NA
DOM,ENCFT,restricted,t4,5,2012,NA
DOM,ENCFT,restricted,t4,5,2013,NA
DOM,ENCFT,restricted,t4,5,2014,NA
DOM,ENCFT,restricted,t4,5,2015,NA
DOM,ENCFT,restricted,t4,5,2016,NA
DOM,ENCFT,restricted,t4,5,2017,1
DOM,ENCFT,restricted,t4,5,2018,1
DOM,ENCFT,restricted,t4,5,2019,1
DOM,ENCFT,restricted,t4,5,2020,1
DOM,ENCFT,restricted,t4,5,2021,1
DOM,ENCFT,restricted,t4,5,2022,NA
ECU,ENEMDU,NA,m11,12,1986,NA
ECU,ENEMDU,NA,m11,12,1989,NA
ECU,ENEMDU,NA,m11,12,1990,1
ECU,ENEMDU,NA,m11,12,1991,1
ECU,ENEMDU,NA,m11,12,1992,1
ECU,ENEMDU,NA,m11,12,1993,1
ECU,ENEMDU,NA,m11,12,1994,1
ECU,ENEMDU,NA,m11,12,1995,1
ECU,ENEMDU,NA,m11,12,1996,1
ECU,ENEMDU,NA,m11,12,1997,1
ECU,ENEMDU,NA,m11,12,1998,1
ECU,ENEMDU,NA,m11,12,1999,1
ECU,ENEMDU,NA,m11,12,2000,1
ECU,ENEMDU,NA,m11,12,2001,NA
ECU,ENEMDU,NA,m11,12,2002,1
ECU,ENEMDU,NA,m11,12,2003,NA
ECU,ENEMDU,NA,m11,12,2004,NA
ECU,ENEMDU,NA,m11,12,2005,NA
ECU,ENEMDU,NA,m11,12,2006,NA
ECU,ENEMDU,NA,m11,12,2007,NA
ECU,ENEMDU,NA,m11,12,2008,NA
ECU,ENEMDU,NA,m11,12,2009,NA
ECU,ENEMDU,NA,m11,12,2010,NA
ECU,ENEMDU,NA,m11,12,2011,NA
ECU,ENEMDU,NA,m11,12,2012,NA
ECU,ENEMDU,NA,m11,12,2013,NA
ECU,ENEMDU,NA,m11,12,2014,NA
ECU,ENEMDU,NA,m11,12,2015,NA
ECU,ENEMDU,NA,m11,12,2016,NA
ECU,ENEMDU,NA,m11,12,2017,NA
ECU,ENEMDU,NA,m11,12,2018,NA
ECU,ENEMDU,NA,m11,12,2019,NA
ECU,ENEMDU,NA,m11,12,2020,NA
ECU,ENEMDU,NA,m11,12,2021,NA
ECU,ENEMDU,NA,m11,12,2022,NA
ECU,ENEMDU,NA,m12,20,1986,NA
ECU,ENEMDU,NA,m12,20,1989,NA
ECU,ENEMDU,NA,m12,20,1990,NA
ECU,ENEMDU,NA,m12,20,1991,NA
ECU,ENEMDU,NA,m12,20,1992,NA
ECU,ENEMDU,NA,m12,20,1993,NA
ECU,ENEMDU,NA,m12,20,1994,NA
ECU,ENEMDU,NA,m12,20,1995,NA
ECU,ENEMDU,NA,m12,20,1996,NA
ECU,ENEMDU,NA,m12,20,1997,NA
ECU,ENEMDU,NA,m12,20,1998,NA
ECU,ENEMDU,NA,m12,20,1999,NA
ECU,ENEMDU,NA,m12,20,2000,NA
ECU,ENEMDU,NA,m12,20,2001,1
ECU,ENEMDU,NA,m12,20,2002,NA
ECU,ENEMDU,NA,m12,20,2003,1
ECU,ENEMDU,NA,m12,20,2004,1
ECU,ENEMDU,NA,m12,20,2005,1
ECU,ENEMDU,NA,m12,20,2006,1
ECU,ENEMDU,NA,m12,20,2007,1
ECU,ENEMDU,NA,m12,20,2008,1
ECU,ENEMDU,NA,m12,20,2009,1
ECU,ENEMDU,NA,m12,20,2010,1
ECU,ENEMDU,NA,m12,20,2011,1
ECU,ENEMDU,NA,m12,20,2012,1
ECU,ENEMDU,NA,m12,20,2013,1
ECU,ENEMDU,NA,m12,20,2014,1
ECU,ENEMDU,NA,m12,20,2015,1
ECU,ENEMDU,NA,m12,20,2016,1
ECU,ENEMDU,NA,m12,20,2017,1
ECU,ENEMDU,NA,m12,20,2018,1
ECU,ENEMDU,NA,m12,20,2019,1
ECU,ENEMDU,NA,m12,20,2020,1
ECU,ENEMDU,NA,m12,20,2021,1
ECU,ENEMDU,NA,m12,20,2022,1
GTM,ENCOVI,NA,m7_m11,2,1986,NA
GTM,ENCOVI,NA,m7_m11,2,1989,NA
GTM,ENCOVI,NA,m7_m11,2,1990,NA
GTM,ENCOVI,NA,m7_m11,2,1991,NA
GTM,ENCOVI,NA,m7_m11,2,1992,NA
GTM,ENCOVI,NA,m7_m11,2,1993,NA
GTM,ENCOVI,NA,m7_m11,2,1994,NA
GTM,ENCOVI,NA,m7_m11,2,1995,NA
GTM,ENCOVI,NA,m7_m11,2,1996,NA
GTM,ENCOVI,NA,m7_m11,2,1997,NA
GTM,ENCOVI,NA,m7_m11,2,1998,NA
GTM,ENCOVI,NA,m7_m11,2,1999,NA
GTM,ENCOVI,NA,m7_m11,2,2000,1
GTM,ENCOVI,NA,m7_m11,2,2001,NA
GTM,ENCOVI,NA,m7_m11,2,2002,NA
GTM,ENCOVI,NA,m7_m11,2,2003,NA
GTM,ENCOVI,NA,m7_m11,2,2004,NA
GTM,ENCOVI,NA,m7_m11,2,2005,NA
GTM,ENCOVI,NA,m7_m11,2,2006,1
GTM,ENCOVI,NA,m7_m11,2,2007,NA
GTM,ENCOVI,NA,m7_m11,2,2008,NA
GTM,ENCOVI,NA,m7_m11,2,2009,NA
GTM,ENCOVI,NA,m7_m11,2,2010,NA
GTM,ENCOVI,NA,m7_m11,2,2011,NA
GTM,ENCOVI,NA,m7_m11,2,2012,NA
GTM,ENCOVI,NA,m7_m11,2,2013,NA
GTM,ENCOVI,NA,m7_m11,2,2014,NA
GTM,ENCOVI,NA,m7_m11,2,2015,NA
GTM,ENCOVI,NA,m7_m11,2,2016,NA
GTM,ENCOVI,NA,m7_m11,2,2017,NA
GTM,ENCOVI,NA,m7_m11,2,2018,NA
GTM,ENCOVI,NA,m7_m11,2,2019,NA
GTM,ENCOVI,NA,m7_m11,2,2020,NA
GTM,ENCOVI,NA,m7_m11,2,2021,NA
GTM,ENCOVI,NA,m7_m11,2,2022,NA
GTM,ENEI,NA,m10_m11,1,1986,NA
GTM,ENEI,NA,m10_m11,1,1989,NA
GTM,ENEI,NA,m10_m11,1,1990,NA
GTM,ENEI,NA,m10_m11,1,1991,NA
GTM,ENEI,NA,m10_m11,1,1992,NA
GTM,ENEI,NA,m10_m11,1,1993,NA
GTM,ENEI,NA,m10_m11,1,1994,NA
GTM,ENEI,NA,m10_m11,1,1995,NA
GTM,ENEI,NA,m10_m11,1,1996,NA
GTM,ENEI,NA,m10_m11,1,1997,NA
GTM,ENEI,NA,m10_m11,1,1998,NA
GTM,ENEI,NA,m10_m11,1,1999,NA
GTM,ENEI,NA,m10_m11,1,2000,NA
GTM,ENEI,NA,m10_m11,1,2001,NA
GTM,ENEI,NA,m10_m11,1,2002,1
GTM,ENEI,NA,m10_m11,1,2003,NA
GTM,ENEI,NA,m10_m11,1,2004,NA
GTM,ENEI,NA,m10_m11,1,2005,NA
GTM,ENEI,NA,m10_m11,1,2006,NA
GTM,ENEI,NA,m10_m11,1,2007,NA
GTM,ENEI,NA,m10_m11,1,2008,NA
GTM,ENEI,NA,m10_m11,1,2009,NA
GTM,ENEI,NA,m10_m11,1,2010,NA
GTM,ENEI,NA,m10_m11,1,2011,NA
GTM,ENEI,NA,m10_m11,1,2012,NA
GTM,ENEI,NA,m10_m11,1,2013,NA
GTM,ENEI,NA,m10_m11,1,2014,NA
GTM,ENEI,NA,m10_m11,1,2015,NA
GTM,ENEI,NA,m10_m11,1,2016,NA
GTM,ENEI,NA,m10_m11,1,2017,NA
GTM,ENEI,NA,m10_m11,1,2018,NA
GTM,ENEI,NA,m10_m11,1,2019,NA
GTM,ENEI,NA,m10_m11,1,2020,NA
GTM,ENEI,NA,m10_m11,1,2021,NA
GTM,ENEI,NA,m10_m11,1,2022,NA
GTM,ENEI,NA,m2_m3,1,1986,NA
GTM,ENEI,NA,m2_m3,1,1989,NA
GTM,ENEI,NA,m2_m3,1,1990,NA
GTM,ENEI,NA,m2_m3,1,1991,NA
GTM,ENEI,NA,m2_m3,1,1992,NA
GTM,ENEI,NA,m2_m3,1,1993,NA
GTM,ENEI,NA,m2_m3,1,1994,NA
GTM,ENEI,NA,m2_m3,1,1995,NA
GTM,ENEI,NA,m2_m3,1,1996,NA
GTM,ENEI,NA,m2_m3,1,1997,NA
GTM,ENEI,NA,m2_m3,1,1998,NA
GTM,ENEI,NA,m2_m3,1,1999,NA
GTM,ENEI,NA,m2_m3,1,2000,NA
GTM,ENEI,NA,m2_m3,1,2001,NA
GTM,ENEI,NA,m2_m3,1,2002,NA
GTM,ENEI,NA,m2_m3,1,2003,1
GTM,ENEI,NA,m2_m3,1,2004,NA
GTM,ENEI,NA,m2_m3,1,2005,NA
GTM,ENEI,NA,m2_m3,1,2006,NA
GTM,ENEI,NA,m2_m3,1,2007,NA
GTM,ENEI,NA,m2_m3,1,2008,NA
GTM,ENEI,NA,m2_m3,1,2009,NA
GTM,ENEI,NA,m2_m3,1,2010,NA
GTM,ENEI,NA,m2_m3,1,2011,NA
GTM,ENEI,NA,m2_m3,1,2012,NA
GTM,ENEI,NA,m2_m3,1,2013,NA
GTM,ENEI,NA,m2_m3,1,2014,NA
GTM,ENEI,NA,m2_m3,1,2015,NA
GTM,ENEI,NA,m2_m3,1,2016,NA
GTM,ENEI,NA,m2_m3,1,2017,NA
GTM,ENEI,NA,m2_m3,1,2018,NA
GTM,ENEI,NA,m2_m3,1,2019,NA
GTM,ENEI,NA,m2_m3,1,2020,NA
GTM,ENEI,NA,m2_m3,1,2021,NA
GTM,ENEI,NA,m2_m3,1,2022,NA
GTM,ENEI,NA,m9_m11,1,1986,NA
GTM,ENEI,NA,m9_m11,1,1989,NA
GTM,ENEI,NA,m9_m11,1,1990,NA
GTM,ENEI,NA,m9_m11,1,1991,NA
GTM,ENEI,NA,m9_m11,1,1992,NA
GTM,ENEI,NA,m9_m11,1,1993,NA
GTM,ENEI,NA,m9_m11,1,1994,NA
GTM,ENEI,NA,m9_m11,1,1995,NA
GTM,ENEI,NA,m9_m11,1,1996,NA
GTM,ENEI,NA,m9_m11,1,1997,NA
GTM,ENEI,NA,m9_m11,1,1998,NA
GTM,ENEI,NA,m9_m11,1,1999,NA
GTM,ENEI,NA,m9_m11,1,2000,NA
GTM,ENEI,NA,m9_m11,1,2001,NA
GTM,ENEI,NA,m9_m11,1,2002,NA
GTM,ENEI,NA,m9_m11,1,2003,NA
GTM,ENEI,NA,m9_m11,1,2004,1
GTM,ENEI,NA,m9_m11,1,2005,NA
GTM,ENEI,NA,m9_m11,1,2006,NA
GTM,ENEI,NA,m9_m11,1,2007,NA
GTM,ENEI,NA,m9_m11,1,2008,NA
GTM,ENEI,NA,m9_m11,1,2009,NA
GTM,ENEI,NA,m9_m11,1,2010,NA
GTM,ENEI,NA,m9_m11,1,2011,NA
GTM,ENEI,NA,m9_m11,1,2012,NA
GTM,ENEI,NA,m9_m11,1,2013,NA
GTM,ENEI,NA,m9_m11,1,2014,NA
GTM,ENEI,NA,m9_m11,1,2015,NA
GTM,ENEI,NA,m9_m11,1,2016,NA
GTM,ENEI,NA,m9_m11,1,2017,NA
GTM,ENEI,NA,m9_m11,1,2018,NA
GTM,ENEI,NA,m9_m11,1,2019,NA
GTM,ENEI,NA,m9_m11,1,2020,NA
GTM,ENEI,NA,m9_m11,1,2021,NA
GTM,ENEI,NA,m9_m11,1,2022,NA
GTM,ENEI,NA,m10,7,1986,NA
GTM,ENEI,NA,m10,7,1989,NA
GTM,ENEI,NA,m10,7,1990,NA
GTM,ENEI,NA,m10,7,1991,NA
GTM,ENEI,NA,m10,7,1992,NA
GTM,ENEI,NA,m10,7,1993,NA
GTM,ENEI,NA,m10,7,1994,NA
GTM,ENEI,NA,m10,7,1995,NA
GTM,ENEI,NA,m10,7,1996,NA
GTM,ENEI,NA,m10,7,1997,NA
GTM,ENEI,NA,m10,7,1998,NA
GTM,ENEI,NA,m10,7,1999,NA
GTM,ENEI,NA,m10,7,2000,NA
GTM,ENEI,NA,m10,7,2001,NA
GTM,ENEI,NA,m10,7,2002,NA
GTM,ENEI,NA,m10,7,2003,NA
GTM,ENEI,NA,m10,7,2004,NA
GTM,ENEI,NA,m10,7,2005,NA
GTM,ENEI,NA,m10,7,2006,NA
GTM,ENEI,NA,m10,7,2007,NA
GTM,ENEI,NA,m10,7,2008,NA
GTM,ENEI,NA,m10,7,2009,NA
GTM,ENEI,NA,m10,7,2010,1
GTM,ENEI,NA,m10,7,2011,NA
GTM,ENEI,NA,m10,7,2012,NA
GTM,ENEI,NA,m10,7,2013,1
GTM,ENEI,NA,m10,7,2014,1
GTM,ENEI,NA,m10,7,2015,1
GTM,ENEI,NA,m10,7,2016,1
GTM,ENEI,NA,m10,7,2017,1
GTM,ENEI,NA,m10,7,2018,NA
GTM,ENEI,NA,m10,7,2019,NA
GTM,ENEI,NA,m10,7,2020,NA
GTM,ENEI,NA,m10,7,2021,1
GTM,ENEI,NA,m10,7,2022,1
GTM,ENEI,NA,m6_m7,2,1986,NA
GTM,ENEI,NA,m6_m7,2,1989,NA
GTM,ENEI,NA,m6_m7,2,1990,NA
GTM,ENEI,NA,m6_m7,2,1991,NA
GTM,ENEI,NA,m6_m7,2,1992,NA
GTM,ENEI,NA,m6_m7,2,1993,NA
GTM,ENEI,NA,m6_m7,2,1994,NA
GTM,ENEI,NA,m6_m7,2,1995,NA
GTM,ENEI,NA,m6_m7,2,1996,NA
GTM,ENEI,NA,m6_m7,2,1997,NA
GTM,ENEI,NA,m6_m7,2,1998,NA
GTM,ENEI,NA,m6_m7,2,1999,NA
GTM,ENEI,NA,m6_m7,2,2000,NA
GTM,ENEI,NA,m6_m7,2,2001,NA
GTM,ENEI,NA,m6_m7,2,2002,NA
GTM,ENEI,NA,m6_m7,2,2003,NA
GTM,ENEI,NA,m6_m7,2,2004,NA
GTM,ENEI,NA,m6_m7,2,2005,NA
GTM,ENEI,NA,m6_m7,2,2006,NA
GTM,ENEI,NA,m6_m7,2,2007,NA
GTM,ENEI,NA,m6_m7,2,2008,NA
GTM,ENEI,NA,m6_m7,2,2009,NA
GTM,ENEI,NA,m6_m7,2,2010,NA
GTM,ENEI,NA,m6_m7,2,2011,1
GTM,ENEI,NA,m6_m7,2,2012,1
GTM,ENEI,NA,m6_m7,2,2013,NA
GTM,ENEI,NA,m6_m7,2,2014,NA
GTM,ENEI,NA,m6_m7,2,2015,NA
GTM,ENEI,NA,m6_m7,2,2016,NA
GTM,ENEI,NA,m6_m7,2,2017,NA
GTM,ENEI,NA,m6_m7,2,2018,NA
GTM,ENEI,NA,m6_m7,2,2019,NA
GTM,ENEI,NA,m6_m7,2,2020,NA
GTM,ENEI,NA,m6_m7,2,2021,NA
GTM,ENEI,NA,m6_m7,2,2022,NA
GTM,ENEI,NA,m6,2,1986,NA
GTM,ENEI,NA,m6,2,1989,NA
GTM,ENEI,NA,m6,2,1990,NA
GTM,ENEI,NA,m6,2,1991,NA
GTM,ENEI,NA,m6,2,1992,NA
GTM,ENEI,NA,m6,2,1993,NA
GTM,ENEI,NA,m6,2,1994,NA
GTM,ENEI,NA,m6,2,1995,NA
GTM,ENEI,NA,m6,2,1996,NA
GTM,ENEI,NA,m6,2,1997,NA
GTM,ENEI,NA,m6,2,1998,NA
GTM,ENEI,NA,m6,2,1999,NA
GTM,ENEI,NA,m6,2,2000,NA
GTM,ENEI,NA,m6,2,2001,NA
GTM,ENEI,NA,m6,2,2002,NA
GTM,ENEI,NA,m6,2,2003,NA
GTM,ENEI,NA,m6,2,2004,NA
GTM,ENEI,NA,m6,2,2005,NA
GTM,ENEI,NA,m6,2,2006,NA
GTM,ENEI,NA,m6,2,2007,NA
GTM,ENEI,NA,m6,2,2008,NA
GTM,ENEI,NA,m6,2,2009,NA
GTM,ENEI,NA,m6,2,2010,NA
GTM,ENEI,NA,m6,2,2011,NA
GTM,ENEI,NA,m6,2,2012,NA
GTM,ENEI,NA,m6,2,2013,NA
GTM,ENEI,NA,m6,2,2014,NA
GTM,ENEI,NA,m6,2,2015,NA
GTM,ENEI,NA,m6,2,2016,NA
GTM,ENEI,NA,m6,2,2017,NA
GTM,ENEI,NA,m6,2,2018,1
GTM,ENEI,NA,m6,2,2019,1
GTM,ENEI,NA,m6,2,2020,NA
GTM,ENEI,NA,m6,2,2021,NA
GTM,ENEI,NA,m6,2,2022,NA
HND,EPHPM,NA,m9,13,1986,1
HND,EPHPM,NA,m9,13,1989,1
HND,EPHPM,NA,m9,13,1990,1
HND,EPHPM,NA,m9,13,1991,1
HND,EPHPM,NA,m9,13,1992,NA
HND,EPHPM,NA,m9,13,1993,NA
HND,EPHPM,NA,m9,13,1994,NA
HND,EPHPM,NA,m9,13,1995,NA
HND,EPHPM,NA,m9,13,1996,1
HND,EPHPM,NA,m9,13,1997,1
HND,EPHPM,NA,m9,13,1998,1
HND,EPHPM,NA,m9,13,1999,1
HND,EPHPM,NA,m9,13,2000,NA
HND,EPHPM,NA,m9,13,2001,1
HND,EPHPM,NA,m9,13,2002,1
HND,EPHPM,NA,m9,13,2003,1
HND,EPHPM,NA,m9,13,2004,NA
HND,EPHPM,NA,m9,13,2005,NA
HND,EPHPM,NA,m9,13,2006,1
HND,EPHPM,NA,m9,13,2007,1
HND,EPHPM,NA,m9,13,2008,NA
HND,EPHPM,NA,m9,13,2009,NA
HND,EPHPM,NA,m9,13,2010,NA
HND,EPHPM,NA,m9,13,2011,NA
HND,EPHPM,NA,m9,13,2012,NA
HND,EPHPM,NA,m9,13,2013,NA
HND,EPHPM,NA,m9,13,2014,NA
HND,EPHPM,NA,m9,13,2015,NA
HND,EPHPM,NA,m9,13,2016,NA
HND,EPHPM,NA,m9,13,2017,NA
HND,EPHPM,NA,m9,13,2018,NA
HND,EPHPM,NA,m9,13,2019,NA
HND,EPHPM,NA,m9,13,2020,NA
HND,EPHPM,NA,m9,13,2021,NA
HND,EPHPM,NA,m9,13,2022,NA
HND,EPHPM,NA,m3,2,1986,NA
HND,EPHPM,NA,m3,2,1989,NA
HND,EPHPM,NA,m3,2,1990,NA
HND,EPHPM,NA,m3,2,1991,NA
HND,EPHPM,NA,m3,2,1992,1
HND,EPHPM,NA,m3,2,1993,NA
HND,EPHPM,NA,m3,2,1994,NA
HND,EPHPM,NA,m3,2,1995,NA
HND,EPHPM,NA,m3,2,1996,NA
HND,EPHPM,NA,m3,2,1997,NA
HND,EPHPM,NA,m3,2,1998,NA
HND,EPHPM,NA,m3,2,1999,NA
HND,EPHPM,NA,m3,2,2000,NA
HND,EPHPM,NA,m3,2,2001,NA
HND,EPHPM,NA,m3,2,2002,NA
HND,EPHPM,NA,m3,2,2003,NA
HND,EPHPM,NA,m3,2,2004,1
HND,EPHPM,NA,m3,2,2005,NA
HND,EPHPM,NA,m3,2,2006,NA
HND,EPHPM,NA,m3,2,2007,NA
HND,EPHPM,NA,m3,2,2008,NA
HND,EPHPM,NA,m3,2,2009,NA
HND,EPHPM,NA,m3,2,2010,NA
HND,EPHPM,NA,m3,2,2011,NA
HND,EPHPM,NA,m3,2,2012,NA
HND,EPHPM,NA,m3,2,2013,NA
HND,EPHPM,NA,m3,2,2014,NA
HND,EPHPM,NA,m3,2,2015,NA
HND,EPHPM,NA,m3,2,2016,NA
HND,EPHPM,NA,m3,2,2017,NA
HND,EPHPM,NA,m3,2,2018,NA
HND,EPHPM,NA,m3,2,2019,NA
HND,EPHPM,NA,m3,2,2020,NA
HND,EPHPM,NA,m3,2,2021,NA
HND,EPHPM,NA,m3,2,2022,NA
HND,EPHPM,NA,m10,4,1986,NA
HND,EPHPM,NA,m10,4,1989,NA
HND,EPHPM,NA,m10,4,1990,NA
HND,EPHPM,NA,m10,4,1991,NA
HND,EPHPM,NA,m10,4,1992,NA
HND,EPHPM,NA,m10,4,1993,1
HND,EPHPM,NA,m10,4,1994,1
HND,EPHPM,NA,m10,4,1995,1
HND,EPHPM,NA,m10,4,1996,NA
HND,EPHPM,NA,m10,4,1997,NA
HND,EPHPM,NA,m10,4,1998,NA
HND,EPHPM,NA,m10,4,1999,NA
HND,EPHPM,NA,m10,4,2000,NA
HND,EPHPM,NA,m10,4,2001,NA
HND,EPHPM,NA,m10,4,2002,NA
HND,EPHPM,NA,m10,4,2003,NA
HND,EPHPM,NA,m10,4,2004,NA
HND,EPHPM,NA,m10,4,2005,1
HND,EPHPM,NA,m10,4,2006,NA
HND,EPHPM,NA,m10,4,2007,NA
HND,EPHPM,NA,m10,4,2008,NA
HND,EPHPM,NA,m10,4,2009,NA
HND,EPHPM,NA,m10,4,2010,NA
HND,EPHPM,NA,m10,4,2011,NA
HND,EPHPM,NA,m10,4,2012,NA
HND,EPHPM,NA,m10,4,2013,NA
HND,EPHPM,NA,m10,4,2014,NA
HND,EPHPM,NA,m10,4,2015,NA
HND,EPHPM,NA,m10,4,2016,NA
HND,EPHPM,NA,m10,4,2017,NA
HND,EPHPM,NA,m10,4,2018,NA
HND,EPHPM,NA,m10,4,2019,NA
HND,EPHPM,NA,m10,4,2020,NA
HND,EPHPM,NA,m10,4,2021,NA
HND,EPHPM,NA,m10,4,2022,NA
HND,EPHPM,NA,m5,6,1986,NA
HND,EPHPM,NA,m5,6,1989,NA
HND,EPHPM,NA,m5,6,1990,NA
HND,EPHPM,NA,m5,6,1991,NA
HND,EPHPM,NA,m5,6,1992,NA
HND,EPHPM,NA,m5,6,1993,NA
HND,EPHPM,NA,m5,6,1994,NA
HND,EPHPM,NA,m5,6,1995,NA
HND,EPHPM,NA,m5,6,1996,NA
HND,EPHPM,NA,m5,6,1997,NA
HND,EPHPM,NA,m5,6,1998,NA
HND,EPHPM,NA,m5,6,1999,NA
HND,EPHPM,NA,m5,6,2000,NA
HND,EPHPM,NA,m5,6,2001,NA
HND,EPHPM,NA,m5,6,2002,NA
HND,EPHPM,NA,m5,6,2003,NA
HND,EPHPM,NA,m5,6,2004,NA
HND,EPHPM,NA,m5,6,2005,NA
HND,EPHPM,NA,m5,6,2006,NA
HND,EPHPM,NA,m5,6,2007,NA
HND,EPHPM,NA,m5,6,2008,1
HND,EPHPM,NA,m5,6,2009,1
HND,EPHPM,NA,m5,6,2010,1
HND,EPHPM,NA,m5,6,2011,1
HND,EPHPM,NA,m5,6,2012,1
HND,EPHPM,NA,m5,6,2013,1
HND,EPHPM,NA,m5,6,2014,NA
HND,EPHPM,NA,m5,6,2015,NA
HND,EPHPM,NA,m5,6,2016,NA
HND,EPHPM,NA,m5,6,2017,NA
HND,EPHPM,NA,m5,6,2018,NA
HND,EPHPM,NA,m5,6,2019,NA
HND,EPHPM,NA,m5,6,2020,NA
HND,EPHPM,NA,m5,6,2021,NA
HND,EPHPM,NA,m5,6,2022,NA
HND,EPHPM,NA,m6,6,1986,NA
HND,EPHPM,NA,m6,6,1989,NA
HND,EPHPM,NA,m6,6,1990,NA
HND,EPHPM,NA,m6,6,1991,NA
HND,EPHPM,NA,m6,6,1992,NA
HND,EPHPM,NA,m6,6,1993,NA
HND,EPHPM,NA,m6,6,1994,NA
HND,EPHPM,NA,m6,6,1995,NA
HND,EPHPM,NA,m6,6,1996,NA
HND,EPHPM,NA,m6,6,1997,NA
HND,EPHPM,NA,m6,6,1998,NA
HND,EPHPM,NA,m6,6,1999,NA
HND,EPHPM,NA,m6,6,2000,NA
HND,EPHPM,NA,m6,6,2001,NA
HND,EPHPM,NA,m6,6,2002,NA
HND,EPHPM,NA,m6,6,2003,NA
HND,EPHPM,NA,m6,6,2004,NA
HND,EPHPM,NA,m6,6,2005,NA
HND,EPHPM,NA,m6,6,2006,NA
HND,EPHPM,NA,m6,6,2007,NA
HND,EPHPM,NA,m6,6,2008,NA
HND,EPHPM,NA,m6,6,2009,NA
HND,EPHPM,NA,m6,6,2010,NA
HND,EPHPM,NA,m6,6,2011,NA
HND,EPHPM,NA,m6,6,2012,NA
HND,EPHPM,NA,m6,6,2013,NA
HND,EPHPM,NA,m6,6,2014,1
HND,EPHPM,NA,m6,6,2015,1
HND,EPHPM,NA,m6,6,2016,1
HND,EPHPM,NA,m6,6,2017,1
HND,EPHPM,NA,m6,6,2018,1
HND,EPHPM,NA,m6,6,2019,1
HND,EPHPM,NA,m6,6,2020,NA
HND,EPHPM,NA,m6,6,2021,NA
HND,EPHPM,NA,m6,6,2022,NA
HTI,ECVMAS,NA,m8_m12,1,1986,NA
HTI,ECVMAS,NA,m8_m12,1,1989,NA
HTI,ECVMAS,NA,m8_m12,1,1990,NA
HTI,ECVMAS,NA,m8_m12,1,1991,NA
HTI,ECVMAS,NA,m8_m12,1,1992,NA
HTI,ECVMAS,NA,m8_m12,1,1993,NA
HTI,ECVMAS,NA,m8_m12,1,1994,NA
HTI,ECVMAS,NA,m8_m12,1,1995,NA
HTI,ECVMAS,NA,m8_m12,1,1996,NA
HTI,ECVMAS,NA,m8_m12,1,1997,NA
HTI,ECVMAS,NA,m8_m12,1,1998,NA
HTI,ECVMAS,NA,m8_m12,1,1999,NA
HTI,ECVMAS,NA,m8_m12,1,2000,NA
HTI,ECVMAS,NA,m8_m12,1,2001,NA
HTI,ECVMAS,NA,m8_m12,1,2002,NA
HTI,ECVMAS,NA,m8_m12,1,2003,NA
HTI,ECVMAS,NA,m8_m12,1,2004,NA
HTI,ECVMAS,NA,m8_m12,1,2005,NA
HTI,ECVMAS,NA,m8_m12,1,2006,NA
HTI,ECVMAS,NA,m8_m12,1,2007,NA
HTI,ECVMAS,NA,m8_m12,1,2008,NA
HTI,ECVMAS,NA,m8_m12,1,2009,NA
HTI,ECVMAS,NA,m8_m12,1,2010,NA
HTI,ECVMAS,NA,m8_m12,1,2011,NA
HTI,ECVMAS,NA,m8_m12,1,2012,1
HTI,ECVMAS,NA,m8_m12,1,2013,NA
HTI,ECVMAS,NA,m8_m12,1,2014,NA
HTI,ECVMAS,NA,m8_m12,1,2015,NA
HTI,ECVMAS,NA,m8_m12,1,2016,NA
HTI,ECVMAS,NA,m8_m12,1,2017,NA
HTI,ECVMAS,NA,m8_m12,1,2018,NA
HTI,ECVMAS,NA,m8_m12,1,2019,NA
HTI,ECVMAS,NA,m8_m12,1,2020,NA
HTI,ECVMAS,NA,m8_m12,1,2021,NA
HTI,ECVMAS,NA,m8_m12,1,2022,NA
JAM,LFS,restricted,m4,27,1986,NA
JAM,LFS,restricted,m4,27,1989,NA
JAM,LFS,restricted,m4,27,1990,1
JAM,LFS,restricted,m4,27,1991,1
JAM,LFS,restricted,m4,27,1992,1
JAM,LFS,restricted,m4,27,1993,1
JAM,LFS,restricted,m4,27,1994,1
JAM,LFS,restricted,m4,27,1995,1
JAM,LFS,restricted,m4,27,1996,1
JAM,LFS,restricted,m4,27,1997,1
JAM,LFS,restricted,m4,27,1998,1
JAM,LFS,restricted,m4,27,1999,1
JAM,LFS,restricted,m4,27,2000,1
JAM,LFS,restricted,m4,27,2001,1
JAM,LFS,restricted,m4,27,2002,1
JAM,LFS,restricted,m4,27,2003,1
JAM,LFS,restricted,m4,27,2004,1
JAM,LFS,restricted,m4,27,2005,1
JAM,LFS,restricted,m4,27,2006,1
JAM,LFS,restricted,m4,27,2007,1
JAM,LFS,restricted,m4,27,2008,1
JAM,LFS,restricted,m4,27,2009,1
JAM,LFS,restricted,m4,27,2010,1
JAM,LFS,restricted,m4,27,2011,NA
JAM,LFS,restricted,m4,27,2012,1
JAM,LFS,restricted,m4,27,2013,1
JAM,LFS,restricted,m4,27,2014,1
JAM,LFS,restricted,m4,27,2015,NA
JAM,LFS,restricted,m4,27,2016,1
JAM,LFS,restricted,m4,27,2017,NA
JAM,LFS,restricted,m4,27,2018,NA
JAM,LFS,restricted,m4,27,2019,1
JAM,LFS,restricted,m4,27,2020,1
JAM,LFS,restricted,m4,27,2021,NA
JAM,LFS,restricted,m4,27,2022,NA
MEX,ENIGH,NA,m8_m11,1,1986,NA
MEX,ENIGH,NA,m8_m11,1,1989,NA
MEX,ENIGH,NA,m8_m11,1,1990,NA
MEX,ENIGH,NA,m8_m11,1,1991,NA
MEX,ENIGH,NA,m8_m11,1,1992,1
MEX,ENIGH,NA,m8_m11,1,1993,NA
MEX,ENIGH,NA,m8_m11,1,1994,NA
MEX,ENIGH,NA,m8_m11,1,1995,NA
MEX,ENIGH,NA,m8_m11,1,1996,NA
MEX,ENIGH,NA,m8_m11,1,1997,NA
MEX,ENIGH,NA,m8_m11,1,1998,NA
MEX,ENIGH,NA,m8_m11,1,1999,NA
MEX,ENIGH,NA,m8_m11,1,2000,NA
MEX,ENIGH,NA,m8_m11,1,2001,NA
MEX,ENIGH,NA,m8_m11,1,2002,NA
MEX,ENIGH,NA,m8_m11,1,2003,NA
MEX,ENIGH,NA,m8_m11,1,2004,NA
MEX,ENIGH,NA,m8_m11,1,2005,NA
MEX,ENIGH,NA,m8_m11,1,2006,NA
MEX,ENIGH,NA,m8_m11,1,2007,NA
MEX,ENIGH,NA,m8_m11,1,2008,NA
MEX,ENIGH,NA,m8_m11,1,2009,NA
MEX,ENIGH,NA,m8_m11,1,2010,NA
MEX,ENIGH,NA,m8_m11,1,2011,NA
MEX,ENIGH,NA,m8_m11,1,2012,NA
MEX,ENIGH,NA,m8_m11,1,2013,NA
MEX,ENIGH,NA,m8_m11,1,2014,NA
MEX,ENIGH,NA,m8_m11,1,2015,NA
MEX,ENIGH,NA,m8_m11,1,2016,NA
MEX,ENIGH,NA,m8_m11,1,2017,NA
MEX,ENIGH,NA,m8_m11,1,2018,NA
MEX,ENIGH,NA,m8_m11,1,2019,NA
MEX,ENIGH,NA,m8_m11,1,2020,NA
MEX,ENIGH,NA,m8_m11,1,2021,NA
MEX,ENIGH,NA,m8_m11,1,2022,NA
MEX,ENIGH,NA,m8_m9,1,1986,NA
MEX,ENIGH,NA,m8_m9,1,1989,NA
MEX,ENIGH,NA,m8_m9,1,1990,NA
MEX,ENIGH,NA,m8_m9,1,1991,NA
MEX,ENIGH,NA,m8_m9,1,1992,NA
MEX,ENIGH,NA,m8_m9,1,1993,NA
MEX,ENIGH,NA,m8_m9,1,1994,1
MEX,ENIGH,NA,m8_m9,1,1995,NA
MEX,ENIGH,NA,m8_m9,1,1996,NA
MEX,ENIGH,NA,m8_m9,1,1997,NA
MEX,ENIGH,NA,m8_m9,1,1998,NA
MEX,ENIGH,NA,m8_m9,1,1999,NA
MEX,ENIGH,NA,m8_m9,1,2000,NA
MEX,ENIGH,NA,m8_m9,1,2001,NA
MEX,ENIGH,NA,m8_m9,1,2002,NA
MEX,ENIGH,NA,m8_m9,1,2003,NA
MEX,ENIGH,NA,m8_m9,1,2004,NA
MEX,ENIGH,NA,m8_m9,1,2005,NA
MEX,ENIGH,NA,m8_m9,1,2006,NA
MEX,ENIGH,NA,m8_m9,1,2007,NA
MEX,ENIGH,NA,m8_m9,1,2008,NA
MEX,ENIGH,NA,m8_m9,1,2009,NA
MEX,ENIGH,NA,m8_m9,1,2010,NA
MEX,ENIGH,NA,m8_m9,1,2011,NA
MEX,ENIGH,NA,m8_m9,1,2012,NA
MEX,ENIGH,NA,m8_m9,1,2013,NA
MEX,ENIGH,NA,m8_m9,1,2014,NA
MEX,ENIGH,NA,m8_m9,1,2015,NA
MEX,ENIGH,NA,m8_m9,1,2016,NA
MEX,ENIGH,NA,m8_m9,1,2017,NA
MEX,ENIGH,NA,m8_m9,1,2018,NA
MEX,ENIGH,NA,m8_m9,1,2019,NA
MEX,ENIGH,NA,m8_m9,1,2020,NA
MEX,ENIGH,NA,m8_m9,1,2021,NA
MEX,ENIGH,NA,m8_m9,1,2022,NA
MEX,ENIGH,NA,m7_m10,0,1986,NA
MEX,ENIGH,NA,m7_m10,0,1989,NA
MEX,ENIGH,NA,m7_m10,0,1990,NA
MEX,ENIGH,NA,m7_m10,0,1991,NA
MEX,ENIGH,NA,m7_m10,0,1992,NA
MEX,ENIGH,NA,m7_m10,0,1993,NA
MEX,ENIGH,NA,m7_m10,0,1994,NA
MEX,ENIGH,NA,m7_m10,0,1995,NA
MEX,ENIGH,NA,m7_m10,0,1996,NA
MEX,ENIGH,NA,m7_m10,0,1997,NA
MEX,ENIGH,NA,m7_m10,0,1998,NA
MEX,ENIGH,NA,m7_m10,0,1999,NA
MEX,ENIGH,NA,m7_m10,0,2000,NA
MEX,ENIGH,NA,m7_m10,0,2001,NA
MEX,ENIGH,NA,m7_m10,0,2002,NA
MEX,ENIGH,NA,m7_m10,0,2003,NA
MEX,ENIGH,NA,m7_m10,0,2004,NA
MEX,ENIGH,NA,m7_m10,0,2005,NA
MEX,ENIGH,NA,m7_m10,0,2006,NA
MEX,ENIGH,NA,m7_m10,0,2007,NA
MEX,ENIGH,NA,m7_m10,0,2008,NA
MEX,ENIGH,NA,m7_m10,0,2009,NA
MEX,ENIGH,NA,m7_m10,0,2010,NA
MEX,ENIGH,NA,m7_m10,0,2011,NA
MEX,ENIGH,NA,m7_m10,0,2012,NA
MEX,ENIGH,NA,m7_m10,0,2013,NA
MEX,ENIGH,NA,m7_m10,0,2014,NA
MEX,ENIGH,NA,m7_m10,0,2015,NA
MEX,ENIGH,NA,m7_m10,0,2016,NA
MEX,ENIGH,NA,m7_m10,0,2017,NA
MEX,ENIGH,NA,m7_m10,0,2018,NA
MEX,ENIGH,NA,m7_m10,0,2019,NA
MEX,ENIGH,NA,m7_m10,0,2020,NA
MEX,ENIGH,NA,m7_m10,0,2021,NA
MEX,ENIGH,NA,m7_m10,0,2022,NA
MEX,ENIGH,NA,m8_m12,14,1986,NA
MEX,ENIGH,NA,m8_m12,14,1989,NA
MEX,ENIGH,NA,m8_m12,14,1990,NA
MEX,ENIGH,NA,m8_m12,14,1991,NA
MEX,ENIGH,NA,m8_m12,14,1992,NA
MEX,ENIGH,NA,m8_m12,14,1993,NA
MEX,ENIGH,NA,m8_m12,14,1994,NA
MEX,ENIGH,NA,m8_m12,14,1995,NA
MEX,ENIGH,NA,m8_m12,14,1996,1
MEX,ENIGH,NA,m8_m12,14,1997,NA
MEX,ENIGH,NA,m8_m12,14,1998,1
MEX,ENIGH,NA,m8_m12,14,1999,NA
MEX,ENIGH,NA,m8_m12,14,2000,1
MEX,ENIGH,NA,m8_m12,14,2001,NA
MEX,ENIGH,NA,m8_m12,14,2002,1
MEX,ENIGH,NA,m8_m12,14,2003,NA
MEX,ENIGH,NA,m8_m12,14,2004,1
MEX,ENIGH,NA,m8_m12,14,2005,1
MEX,ENIGH,NA,m8_m12,14,2006,1
MEX,ENIGH,NA,m8_m12,14,2007,NA
MEX,ENIGH,NA,m8_m12,14,2008,1
MEX,ENIGH,NA,m8_m12,14,2009,NA
MEX,ENIGH,NA,m8_m12,14,2010,1
MEX,ENIGH,NA,m8_m12,14,2011,NA
MEX,ENIGH,NA,m8_m12,14,2012,1
MEX,ENIGH,NA,m8_m12,14,2013,NA
MEX,ENIGH,NA,m8_m12,14,2014,1
MEX,ENIGH,NA,m8_m12,14,2015,NA
MEX,ENIGH,NA,m8_m12,14,2016,1
MEX,ENIGH,NA,m8_m12,14,2017,NA
MEX,ENIGH,NA,m8_m12,14,2018,1
MEX,ENIGH,NA,m8_m12,14,2019,NA
MEX,ENIGH,NA,m8_m12,14,2020,1
MEX,ENIGH,NA,m8_m12,14,2021,NA
MEX,ENIGH,NA,m8_m12,14,2022,NA
NIC,EMNV,restricted,m2_m6,4,1986,NA
NIC,EMNV,restricted,m2_m6,4,1989,NA
NIC,EMNV,restricted,m2_m6,4,1990,NA
NIC,EMNV,restricted,m2_m6,4,1991,NA
NIC,EMNV,restricted,m2_m6,4,1992,NA
NIC,EMNV,restricted,m2_m6,4,1993,1
NIC,EMNV,restricted,m2_m6,4,1994,NA
NIC,EMNV,restricted,m2_m6,4,1995,NA
NIC,EMNV,restricted,m2_m6,4,1996,NA
NIC,EMNV,restricted,m2_m6,4,1997,NA
NIC,EMNV,restricted,m2_m6,4,1998,1
NIC,EMNV,restricted,m2_m6,4,1999,1
NIC,EMNV,restricted,m2_m6,4,2000,NA
NIC,EMNV,restricted,m2_m6,4,2001,1
NIC,EMNV,restricted,m2_m6,4,2002,NA
NIC,EMNV,restricted,m2_m6,4,2003,NA
NIC,EMNV,restricted,m2_m6,4,2004,NA
NIC,EMNV,restricted,m2_m6,4,2005,NA
NIC,EMNV,restricted,m2_m6,4,2006,NA
NIC,EMNV,restricted,m2_m6,4,2007,NA
NIC,EMNV,restricted,m2_m6,4,2008,NA
NIC,EMNV,restricted,m2_m6,4,2009,NA
NIC,EMNV,restricted,m2_m6,4,2010,NA
NIC,EMNV,restricted,m2_m6,4,2011,NA
NIC,EMNV,restricted,m2_m6,4,2012,NA
NIC,EMNV,restricted,m2_m6,4,2013,NA
NIC,EMNV,restricted,m2_m6,4,2014,NA
NIC,EMNV,restricted,m2_m6,4,2015,NA
NIC,EMNV,restricted,m2_m6,4,2016,NA
NIC,EMNV,restricted,m2_m6,4,2017,NA
NIC,EMNV,restricted,m2_m6,4,2018,NA
NIC,EMNV,restricted,m2_m6,4,2019,NA
NIC,EMNV,restricted,m2_m6,4,2020,NA
NIC,EMNV,restricted,m2_m6,4,2021,NA
NIC,EMNV,restricted,m2_m6,4,2022,NA
NIC,EMNV,restricted,m7_m10,2,1986,NA
NIC,EMNV,restricted,m7_m10,2,1989,NA
NIC,EMNV,restricted,m7_m10,2,1990,NA
NIC,EMNV,restricted,m7_m10,2,1991,NA
NIC,EMNV,restricted,m7_m10,2,1992,NA
NIC,EMNV,restricted,m7_m10,2,1993,NA
NIC,EMNV,restricted,m7_m10,2,1994,NA
NIC,EMNV,restricted,m7_m10,2,1995,NA
NIC,EMNV,restricted,m7_m10,2,1996,NA
NIC,EMNV,restricted,m7_m10,2,1997,NA
NIC,EMNV,restricted,m7_m10,2,1998,NA
NIC,EMNV,restricted,m7_m10,2,1999,NA
NIC,EMNV,restricted,m7_m10,2,2000,NA
NIC,EMNV,restricted,m7_m10,2,2001,NA
NIC,EMNV,restricted,m7_m10,2,2002,NA
NIC,EMNV,restricted,m7_m10,2,2003,NA
NIC,EMNV,restricted,m7_m10,2,2004,NA
NIC,EMNV,restricted,m7_m10,2,2005,1
NIC,EMNV,restricted,m7_m10,2,2006,NA
NIC,EMNV,restricted,m7_m10,2,2007,NA
NIC,EMNV,restricted,m7_m10,2,2008,NA
NIC,EMNV,restricted,m7_m10,2,2009,1
NIC,EMNV,restricted,m7_m10,2,2010,NA
NIC,EMNV,restricted,m7_m10,2,2011,NA
NIC,EMNV,restricted,m7_m10,2,2012,NA
NIC,EMNV,restricted,m7_m10,2,2013,NA
NIC,EMNV,restricted,m7_m10,2,2014,NA
NIC,EMNV,restricted,m7_m10,2,2015,NA
NIC,EMNV,restricted,m7_m10,2,2016,NA
NIC,EMNV,restricted,m7_m10,2,2017,NA
NIC,EMNV,restricted,m7_m10,2,2018,NA
NIC,EMNV,restricted,m7_m10,2,2019,NA
NIC,EMNV,restricted,m7_m10,2,2020,NA
NIC,EMNV,restricted,m7_m10,2,2021,NA
NIC,EMNV,restricted,m7_m10,2,2022,NA
NIC,ECH,restricted,m7_m9,3,1986,NA
NIC,ECH,restricted,m7_m9,3,1989,NA
NIC,ECH,restricted,m7_m9,3,1990,NA
NIC,ECH,restricted,m7_m9,3,1991,NA
NIC,ECH,restricted,m7_m9,3,1992,NA
NIC,ECH,restricted,m7_m9,3,1993,NA
NIC,ECH,restricted,m7_m9,3,1994,NA
NIC,ECH,restricted,m7_m9,3,1995,NA
NIC,ECH,restricted,m7_m9,3,1996,NA
NIC,ECH,restricted,m7_m9,3,1997,NA
NIC,ECH,restricted,m7_m9,3,1998,NA
NIC,ECH,restricted,m7_m9,3,1999,NA
NIC,ECH,restricted,m7_m9,3,2000,NA
NIC,ECH,restricted,m7_m9,3,2001,NA
NIC,ECH,restricted,m7_m9,3,2002,NA
NIC,ECH,restricted,m7_m9,3,2003,NA
NIC,ECH,restricted,m7_m9,3,2004,NA
NIC,ECH,restricted,m7_m9,3,2005,NA
NIC,ECH,restricted,m7_m9,3,2006,NA
NIC,ECH,restricted,m7_m9,3,2007,NA
NIC,ECH,restricted,m7_m9,3,2008,NA
NIC,ECH,restricted,m7_m9,3,2009,NA
NIC,ECH,restricted,m7_m9,3,2010,1
NIC,ECH,restricted,m7_m9,3,2011,1
NIC,ECH,restricted,m7_m9,3,2012,1
NIC,ECH,restricted,m7_m9,3,2013,NA
NIC,ECH,restricted,m7_m9,3,2014,NA
NIC,ECH,restricted,m7_m9,3,2015,NA
NIC,ECH,restricted,m7_m9,3,2016,NA
NIC,ECH,restricted,m7_m9,3,2017,NA
NIC,ECH,restricted,m7_m9,3,2018,NA
NIC,ECH,restricted,m7_m9,3,2019,NA
NIC,ECH,restricted,m7_m9,3,2020,NA
NIC,ECH,restricted,m7_m9,3,2021,NA
NIC,ECH,restricted,m7_m9,3,2022,NA
NIC,EMNV,restricted,m9_m12,1,1986,NA
NIC,EMNV,restricted,m9_m12,1,1989,NA
NIC,EMNV,restricted,m9_m12,1,1990,NA
NIC,EMNV,restricted,m9_m12,1,1991,NA
NIC,EMNV,restricted,m9_m12,1,1992,NA
NIC,EMNV,restricted,m9_m12,1,1993,NA
NIC,EMNV,restricted,m9_m12,1,1994,NA
NIC,EMNV,restricted,m9_m12,1,1995,NA
NIC,EMNV,restricted,m9_m12,1,1996,NA
NIC,EMNV,restricted,m9_m12,1,1997,NA
NIC,EMNV,restricted,m9_m12,1,1998,NA
NIC,EMNV,restricted,m9_m12,1,1999,NA
NIC,EMNV,restricted,m9_m12,1,2000,NA
NIC,EMNV,restricted,m9_m12,1,2001,NA
NIC,EMNV,restricted,m9_m12,1,2002,NA
NIC,EMNV,restricted,m9_m12,1,2003,NA
NIC,EMNV,restricted,m9_m12,1,2004,NA
NIC,EMNV,restricted,m9_m12,1,2005,NA
NIC,EMNV,restricted,m9_m12,1,2006,NA
NIC,EMNV,restricted,m9_m12,1,2007,NA
NIC,EMNV,restricted,m9_m12,1,2008,NA
NIC,EMNV,restricted,m9_m12,1,2009,NA
NIC,EMNV,restricted,m9_m12,1,2010,NA
NIC,EMNV,restricted,m9_m12,1,2011,NA
NIC,EMNV,restricted,m9_m12,1,2012,NA
NIC,EMNV,restricted,m9_m12,1,2013,NA
NIC,EMNV,restricted,m9_m12,1,2014,1
NIC,EMNV,restricted,m9_m12,1,2015,NA
NIC,EMNV,restricted,m9_m12,1,2016,NA
NIC,EMNV,restricted,m9_m12,1,2017,NA
NIC,EMNV,restricted,m9_m12,1,2018,NA
NIC,EMNV,restricted,m9_m12,1,2019,NA
NIC,EMNV,restricted,m9_m12,1,2020,NA
NIC,EMNV,restricted,m9_m12,1,2021,NA
NIC,EMNV,restricted,m9_m12,1,2022,NA
PAN,EH,restricted,m8,17,1986,NA
PAN,EH,restricted,m8,17,1989,NA
PAN,EH,restricted,m8,17,1990,NA
PAN,EH,restricted,m8,17,1991,1
PAN,EH,restricted,m8,17,1992,NA
PAN,EH,restricted,m8,17,1993,NA
PAN,EH,restricted,m8,17,1994,NA
PAN,EH,restricted,m8,17,1995,1
PAN,EH,restricted,m8,17,1996,1
PAN,EH,restricted,m8,17,1997,1
PAN,EH,restricted,m8,17,1998,1
PAN,EH,restricted,m8,17,1999,1
PAN,EH,restricted,m8,17,2000,1
PAN,EH,restricted,m8,17,2001,1
PAN,EH,restricted,m8,17,2002,1
PAN,EH,restricted,m8,17,2003,1
PAN,EH,restricted,m8,17,2004,1
PAN,EH,restricted,m8,17,2005,1
PAN,EH,restricted,m8,17,2006,1
PAN,EH,restricted,m8,17,2007,1
PAN,EH,restricted,m8,17,2008,1
PAN,EH,restricted,m8,17,2009,1
PAN,EH,restricted,m8,17,2010,1
PAN,EH,restricted,m8,17,2011,NA
PAN,EH,restricted,m8,17,2012,NA
PAN,EH,restricted,m8,17,2013,NA
PAN,EH,restricted,m8,17,2014,NA
PAN,EH,restricted,m8,17,2015,NA
PAN,EH,restricted,m8,17,2016,NA
PAN,EH,restricted,m8,17,2017,NA
PAN,EH,restricted,m8,17,2018,NA
PAN,EH,restricted,m8,17,2019,NA
PAN,EH,restricted,m8,17,2020,NA
PAN,EH,restricted,m8,17,2021,NA
PAN,EH,restricted,m8,17,2022,NA
PAN,EHPM,restricted,m3,9,1986,NA
PAN,EHPM,restricted,m3,9,1989,NA
PAN,EHPM,restricted,m3,9,1990,NA
PAN,EHPM,restricted,m3,9,1991,NA
PAN,EHPM,restricted,m3,9,1992,NA
PAN,EHPM,restricted,m3,9,1993,NA
PAN,EHPM,restricted,m3,9,1994,NA
PAN,EHPM,restricted,m3,9,1995,NA
PAN,EHPM,restricted,m3,9,1996,NA
PAN,EHPM,restricted,m3,9,1997,NA
PAN,EHPM,restricted,m3,9,1998,NA
PAN,EHPM,restricted,m3,9,1999,NA
PAN,EHPM,restricted,m3,9,2000,NA
PAN,EHPM,restricted,m3,9,2001,NA
PAN,EHPM,restricted,m3,9,2002,NA
PAN,EHPM,restricted,m3,9,2003,NA
PAN,EHPM,restricted,m3,9,2004,NA
PAN,EHPM,restricted,m3,9,2005,NA
PAN,EHPM,restricted,m3,9,2006,NA
PAN,EHPM,restricted,m3,9,2007,NA
PAN,EHPM,restricted,m3,9,2008,NA
PAN,EHPM,restricted,m3,9,2009,NA
PAN,EHPM,restricted,m3,9,2010,NA
PAN,EHPM,restricted,m3,9,2011,1
PAN,EHPM,restricted,m3,9,2012,1
PAN,EHPM,restricted,m3,9,2013,1
PAN,EHPM,restricted,m3,9,2014,1
PAN,EHPM,restricted,m3,9,2015,1
PAN,EHPM,restricted,m3,9,2016,1
PAN,EHPM,restricted,m3,9,2017,1
PAN,EHPM,restricted,m3,9,2018,1
PAN,EHPM,restricted,m3,9,2019,1
PAN,EHPM,restricted,m3,9,2020,NA
PAN,EHPM,restricted,m3,9,2021,NA
PAN,EHPM,restricted,m3,9,2022,1
PRY,EHM,NA,m6_m8,1,1986,NA
PRY,EHM,NA,m6_m8,1,1989,NA
PRY,EHM,NA,m6_m8,1,1990,1
PRY,EHM,NA,m6_m8,1,1991,NA
PRY,EHM,NA,m6_m8,1,1992,NA
PRY,EHM,NA,m6_m8,1,1993,NA
PRY,EHM,NA,m6_m8,1,1994,NA
PRY,EHM,NA,m6_m8,1,1995,NA
PRY,EHM,NA,m6_m8,1,1996,NA
PRY,EHM,NA,m6_m8,1,1997,NA
PRY,EHM,NA,m6_m8,1,1998,NA
PRY,EHM,NA,m6_m8,1,1999,NA
PRY,EHM,NA,m6_m8,1,2000,NA
PRY,EHM,NA,m6_m8,1,2001,NA
PRY,EHM,NA,m6_m8,1,2002,NA
PRY,EHM,NA,m6_m8,1,2003,NA
PRY,EHM,NA,m6_m8,1,2004,NA
PRY,EHM,NA,m6_m8,1,2005,NA
PRY,EHM,NA,m6_m8,1,2006,NA
PRY,EHM,NA,m6_m8,1,2007,NA
PRY,EHM,NA,m6_m8,1,2008,NA
PRY,EHM,NA,m6_m8,1,2009,NA
PRY,EHM,NA,m6_m8,1,2010,NA
PRY,EHM,NA,m6_m8,1,2011,NA
PRY,EHM,NA,m6_m8,1,2012,NA
PRY,EHM,NA,m6_m8,1,2013,NA
PRY,EHM,NA,m6_m8,1,2014,NA
PRY,EHM,NA,m6_m8,1,2015,NA
PRY,EHM,NA,m6_m8,1,2016,NA
PRY,EHM,NA,m6_m8,1,2017,NA
PRY,EHM,NA,m6_m8,1,2018,NA
PRY,EHM,NA,m6_m8,1,2019,NA
PRY,EHM,NA,m6_m8,1,2020,NA
PRY,EHM,NA,m6_m8,1,2021,NA
PRY,EHM,NA,m6_m8,1,2022,NA
PRY,EHM,NA,m10_m11,1,1986,NA
PRY,EHM,NA,m10_m11,1,1989,NA
PRY,EHM,NA,m10_m11,1,1990,NA
PRY,EHM,NA,m10_m11,1,1991,1
PRY,EHM,NA,m10_m11,1,1992,NA
PRY,EHM,NA,m10_m11,1,1993,NA
PRY,EHM,NA,m10_m11,1,1994,NA
PRY,EHM,NA,m10_m11,1,1995,NA
PRY,EHM,NA,m10_m11,1,1996,NA
PRY,EHM,NA,m10_m11,1,1997,NA
PRY,EHM,NA,m10_m11,1,1998,NA
PRY,EHM,NA,m10_m11,1,1999,NA
PRY,EHM,NA,m10_m11,1,2000,NA
PRY,EHM,NA,m10_m11,1,2001,NA
PRY,EHM,NA,m10_m11,1,2002,NA
PRY,EHM,NA,m10_m11,1,2003,NA
PRY,EHM,NA,m10_m11,1,2004,NA
PRY,EHM,NA,m10_m11,1,2005,NA
PRY,EHM,NA,m10_m11,1,2006,NA
PRY,EHM,NA,m10_m11,1,2007,NA
PRY,EHM,NA,m10_m11,1,2008,NA
PRY,EHM,NA,m10_m11,1,2009,NA
PRY,EHM,NA,m10_m11,1,2010,NA
PRY,EHM,NA,m10_m11,1,2011,NA
PRY,EHM,NA,m10_m11,1,2012,NA
PRY,EHM,NA,m10_m11,1,2013,NA
PRY,EHM,NA,m10_m11,1,2014,NA
PRY,EHM,NA,m10_m11,1,2015,NA
PRY,EHM,NA,m10_m11,1,2016,NA
PRY,EHM,NA,m10_m11,1,2017,NA
PRY,EHM,NA,m10_m11,1,2018,NA
PRY,EHM,NA,m10_m11,1,2019,NA
PRY,EHM,NA,m10_m11,1,2020,NA
PRY,EHM,NA,m10_m11,1,2021,NA
PRY,EHM,NA,m10_m11,1,2022,NA
PRY,EHM,NA,m11_m12,1,1986,NA
PRY,EHM,NA,m11_m12,1,1989,NA
PRY,EHM,NA,m11_m12,1,1990,NA
PRY,EHM,NA,m11_m12,1,1991,NA
PRY,EHM,NA,m11_m12,1,1992,1
PRY,EHM,NA,m11_m12,1,1993,NA
PRY,EHM,NA,m11_m12,1,1994,NA
PRY,EHM,NA,m11_m12,1,1995,NA
PRY,EHM,NA,m11_m12,1,1996,NA
PRY,EHM,NA,m11_m12,1,1997,NA
PRY,EHM,NA,m11_m12,1,1998,NA
PRY,EHM,NA,m11_m12,1,1999,NA
PRY,EHM,NA,m11_m12,1,2000,NA
PRY,EHM,NA,m11_m12,1,2001,NA
PRY,EHM,NA,m11_m12,1,2002,NA
PRY,EHM,NA,m11_m12,1,2003,NA
PRY,EHM,NA,m11_m12,1,2004,NA
PRY,EHM,NA,m11_m12,1,2005,NA
PRY,EHM,NA,m11_m12,1,2006,NA
PRY,EHM,NA,m11_m12,1,2007,NA
PRY,EHM,NA,m11_m12,1,2008,NA
PRY,EHM,NA,m11_m12,1,2009,NA
PRY,EHM,NA,m11_m12,1,2010,NA
PRY,EHM,NA,m11_m12,1,2011,NA
PRY,EHM,NA,m11_m12,1,2012,NA
PRY,EHM,NA,m11_m12,1,2013,NA
PRY,EHM,NA,m11_m12,1,2014,NA
PRY,EHM,NA,m11_m12,1,2015,NA
PRY,EHM,NA,m11_m12,1,2016,NA
PRY,EHM,NA,m11_m12,1,2017,NA
PRY,EHM,NA,m11_m12,1,2018,NA
PRY,EHM,NA,m11_m12,1,2019,NA
PRY,EHM,NA,m11_m12,1,2020,NA
PRY,EHM,NA,m11_m12,1,2021,NA
PRY,EHM,NA,m11_m12,1,2022,NA
PRY,EHM,NA,m9_m10,1,1986,NA
PRY,EHM,NA,m9_m10,1,1989,NA
PRY,EHM,NA,m9_m10,1,1990,NA
PRY,EHM,NA,m9_m10,1,1991,NA
PRY,EHM,NA,m9_m10,1,1992,NA
PRY,EHM,NA,m9_m10,1,1993,1
PRY,EHM,NA,m9_m10,1,1994,NA
PRY,EHM,NA,m9_m10,1,1995,NA
PRY,EHM,NA,m9_m10,1,1996,NA
PRY,EHM,NA,m9_m10,1,1997,NA
PRY,EHM,NA,m9_m10,1,1998,NA
PRY,EHM,NA,m9_m10,1,1999,NA
PRY,EHM,NA,m9_m10,1,2000,NA
PRY,EHM,NA,m9_m10,1,2001,NA
PRY,EHM,NA,m9_m10,1,2002,NA
PRY,EHM,NA,m9_m10,1,2003,NA
PRY,EHM,NA,m9_m10,1,2004,NA
PRY,EHM,NA,m9_m10,1,2005,NA
PRY,EHM,NA,m9_m10,1,2006,NA
PRY,EHM,NA,m9_m10,1,2007,NA
PRY,EHM,NA,m9_m10,1,2008,NA
PRY,EHM,NA,m9_m10,1,2009,NA
PRY,EHM,NA,m9_m10,1,2010,NA
PRY,EHM,NA,m9_m10,1,2011,NA
PRY,EHM,NA,m9_m10,1,2012,NA
PRY,EHM,NA,m9_m10,1,2013,NA
PRY,EHM,NA,m9_m10,1,2014,NA
PRY,EHM,NA,m9_m10,1,2015,NA
PRY,EHM,NA,m9_m10,1,2016,NA
PRY,EHM,NA,m9_m10,1,2017,NA
PRY,EHM,NA,m9_m10,1,2018,NA
PRY,EHM,NA,m9_m10,1,2019,NA
PRY,EHM,NA,m9_m10,1,2020,NA
PRY,EHM,NA,m9_m10,1,2021,NA
PRY,EHM,NA,m9_m10,1,2022,NA
PRY,EHM,NA,m8_m10,1,1986,NA
PRY,EHM,NA,m8_m10,1,1989,NA
PRY,EHM,NA,m8_m10,1,1990,NA
PRY,EHM,NA,m8_m10,1,1991,NA
PRY,EHM,NA,m8_m10,1,1992,NA
PRY,EHM,NA,m8_m10,1,1993,NA
PRY,EHM,NA,m8_m10,1,1994,1
PRY,EHM,NA,m8_m10,1,1995,NA
PRY,EHM,NA,m8_m10,1,1996,NA
PRY,EHM,NA,m8_m10,1,1997,NA
PRY,EHM,NA,m8_m10,1,1998,NA
PRY,EHM,NA,m8_m10,1,1999,NA
PRY,EHM,NA,m8_m10,1,2000,NA
PRY,EHM,NA,m8_m10,1,2001,NA
PRY,EHM,NA,m8_m10,1,2002,NA
PRY,EHM,NA,m8_m10,1,2003,NA
PRY,EHM,NA,m8_m10,1,2004,NA
PRY,EHM,NA,m8_m10,1,2005,NA
PRY,EHM,NA,m8_m10,1,2006,NA
PRY,EHM,NA,m8_m10,1,2007,NA
PRY,EHM,NA,m8_m10,1,2008,NA
PRY,EHM,NA,m8_m10,1,2009,NA
PRY,EHM,NA,m8_m10,1,2010,NA
PRY,EHM,NA,m8_m10,1,2011,NA
PRY,EHM,NA,m8_m10,1,2012,NA
PRY,EHM,NA,m8_m10,1,2013,NA
PRY,EHM,NA,m8_m10,1,2014,NA
PRY,EHM,NA,m8_m10,1,2015,NA
PRY,EHM,NA,m8_m10,1,2016,NA
PRY,EHM,NA,m8_m10,1,2017,NA
PRY,EHM,NA,m8_m10,1,2018,NA
PRY,EHM,NA,m8_m10,1,2019,NA
PRY,EHM,NA,m8_m10,1,2020,NA
PRY,EHM,NA,m8_m10,1,2021,NA
PRY,EHM,NA,m8_m10,1,2022,NA
PRY,EHM,NA,m8_m11,1,1986,NA
PRY,EHM,NA,m8_m11,1,1989,NA
PRY,EHM,NA,m8_m11,1,1990,NA
PRY,EHM,NA,m8_m11,1,1991,NA
PRY,EHM,NA,m8_m11,1,1992,NA
PRY,EHM,NA,m8_m11,1,1993,NA
PRY,EHM,NA,m8_m11,1,1994,NA
PRY,EHM,NA,m8_m11,1,1995,1
PRY,EHM,NA,m8_m11,1,1996,NA
PRY,EHM,NA,m8_m11,1,1997,NA
PRY,EHM,NA,m8_m11,1,1998,NA
PRY,EHM,NA,m8_m11,1,1999,NA
PRY,EHM,NA,m8_m11,1,2000,NA
PRY,EHM,NA,m8_m11,1,2001,NA
PRY,EHM,NA,m8_m11,1,2002,NA
PRY,EHM,NA,m8_m11,1,2003,NA
PRY,EHM,NA,m8_m11,1,2004,NA
PRY,EHM,NA,m8_m11,1,2005,NA
PRY,EHM,NA,m8_m11,1,2006,NA
PRY,EHM,NA,m8_m11,1,2007,NA
PRY,EHM,NA,m8_m11,1,2008,NA
PRY,EHM,NA,m8_m11,1,2009,NA
PRY,EHM,NA,m8_m11,1,2010,NA
PRY,EHM,NA,m8_m11,1,2011,NA
PRY,EHM,NA,m8_m11,1,2012,NA
PRY,EHM,NA,m8_m11,1,2013,NA
PRY,EHM,NA,m8_m11,1,2014,NA
PRY,EHM,NA,m8_m11,1,2015,NA
PRY,EHM,NA,m8_m11,1,2016,NA
PRY,EHM,NA,m8_m11,1,2017,NA
PRY,EHM,NA,m8_m11,1,2018,NA
PRY,EHM,NA,m8_m11,1,2019,NA
PRY,EHM,NA,m8_m11,1,2020,NA
PRY,EHM,NA,m8_m11,1,2021,NA
PRY,EHM,NA,m8_m11,1,2022,NA
PRY,EHM,NA,m8_m12,1,1986,NA
PRY,EHM,NA,m8_m12,1,1989,NA
PRY,EHM,NA,m8_m12,1,1990,NA
PRY,EHM,NA,m8_m12,1,1991,NA
PRY,EHM,NA,m8_m12,1,1992,NA
PRY,EHM,NA,m8_m12,1,1993,NA
PRY,EHM,NA,m8_m12,1,1994,NA
PRY,EHM,NA,m8_m12,1,1995,NA
PRY,EHM,NA,m8_m12,1,1996,1
PRY,EHM,NA,m8_m12,1,1997,NA
PRY,EHM,NA,m8_m12,1,1998,NA
PRY,EHM,NA,m8_m12,1,1999,NA
PRY,EHM,NA,m8_m12,1,2000,NA
PRY,EHM,NA,m8_m12,1,2001,NA
PRY,EHM,NA,m8_m12,1,2002,NA
PRY,EHM,NA,m8_m12,1,2003,NA
PRY,EHM,NA,m8_m12,1,2004,NA
PRY,EHM,NA,m8_m12,1,2005,NA
PRY,EHM,NA,m8_m12,1,2006,NA
PRY,EHM,NA,m8_m12,1,2007,NA
PRY,EHM,NA,m8_m12,1,2008,NA
PRY,EHM,NA,m8_m12,1,2009,NA
PRY,EHM,NA,m8_m12,1,2010,NA
PRY,EHM,NA,m8_m12,1,2011,NA
PRY,EHM,NA,m8_m12,1,2012,NA
PRY,EHM,NA,m8_m12,1,2013,NA
PRY,EHM,NA,m8_m12,1,2014,NA
PRY,EHM,NA,m8_m12,1,2015,NA
PRY,EHM,NA,m8_m12,1,2016,NA
PRY,EHM,NA,m8_m12,1,2017,NA
PRY,EHM,NA,m8_m12,1,2018,NA
PRY,EHM,NA,m8_m12,1,2019,NA
PRY,EHM,NA,m8_m12,1,2020,NA
PRY,EHM,NA,m8_m12,1,2021,NA
PRY,EHM,NA,m8_m12,1,2022,NA
PRY,EIH,NA,m8-1997_m7-1998,1,1986,NA
PRY,EIH,NA,m8-1997_m7-1998,1,1989,NA
PRY,EIH,NA,m8-1997_m7-1998,1,1990,NA
PRY,EIH,NA,m8-1997_m7-1998,1,1991,NA
PRY,EIH,NA,m8-1997_m7-1998,1,1992,NA
PRY,EIH,NA,m8-1997_m7-1998,1,1993,NA
PRY,EIH,NA,m8-1997_m7-1998,1,1994,NA
PRY,EIH,NA,m8-1997_m7-1998,1,1995,NA
PRY,EIH,NA,m8-1997_m7-1998,1,1996,NA
PRY,EIH,NA,m8-1997_m7-1998,1,1997,1
PRY,EIH,NA,m8-1997_m7-1998,1,1998,NA
PRY,EIH,NA,m8-1997_m7-1998,1,1999,NA
PRY,EIH,NA,m8-1997_m7-1998,1,2000,NA
PRY,EIH,NA,m8-1997_m7-1998,1,2001,NA
PRY,EIH,NA,m8-1997_m7-1998,1,2002,NA
PRY,EIH,NA,m8-1997_m7-1998,1,2003,NA
PRY,EIH,NA,m8-1997_m7-1998,1,2004,NA
PRY,EIH,NA,m8-1997_m7-1998,1,2005,NA
PRY,EIH,NA,m8-1997_m7-1998,1,2006,NA
PRY,EIH,NA,m8-1997_m7-1998,1,2007,NA
PRY,EIH,NA,m8-1997_m7-1998,1,2008,NA
PRY,EIH,NA,m8-1997_m7-1998,1,2009,NA
PRY,EIH,NA,m8-1997_m7-1998,1,2010,NA
PRY,EIH,NA,m8-1997_m7-1998,1,2011,NA
PRY,EIH,NA,m8-1997_m7-1998,1,2012,NA
PRY,EIH,NA,m8-1997_m7-1998,1,2013,NA
PRY,EIH,NA,m8-1997_m7-1998,1,2014,NA
PRY,EIH,NA,m8-1997_m7-1998,1,2015,NA
PRY,EIH,NA,m8-1997_m7-1998,1,2016,NA
PRY,EIH,NA,m8-1997_m7-1998,1,2017,NA
PRY,EIH,NA,m8-1997_m7-1998,1,2018,NA
PRY,EIH,NA,m8-1997_m7-1998,1,2019,NA
PRY,EIH,NA,m8-1997_m7-1998,1,2020,NA
PRY,EIH,NA,m8-1997_m7-1998,1,2021,NA
PRY,EIH,NA,m8-1997_m7-1998,1,2022,NA
PRY,EPH,NA,m9-2000_m8-2001,1,1986,NA
PRY,EPH,NA,m9-2000_m8-2001,1,1989,NA
PRY,EPH,NA,m9-2000_m8-2001,1,1990,NA
PRY,EPH,NA,m9-2000_m8-2001,1,1991,NA
PRY,EPH,NA,m9-2000_m8-2001,1,1992,NA
PRY,EPH,NA,m9-2000_m8-2001,1,1993,NA
PRY,EPH,NA,m9-2000_m8-2001,1,1994,NA
PRY,EPH,NA,m9-2000_m8-2001,1,1995,NA
PRY,EPH,NA,m9-2000_m8-2001,1,1996,NA
PRY,EPH,NA,m9-2000_m8-2001,1,1997,NA
PRY,EPH,NA,m9-2000_m8-2001,1,1998,NA
PRY,EPH,NA,m9-2000_m8-2001,1,1999,NA
PRY,EPH,NA,m9-2000_m8-2001,1,2000,1
PRY,EPH,NA,m9-2000_m8-2001,1,2001,NA
PRY,EPH,NA,m9-2000_m8-2001,1,2002,NA
PRY,EPH,NA,m9-2000_m8-2001,1,2003,NA
PRY,EPH,NA,m9-2000_m8-2001,1,2004,NA
PRY,EPH,NA,m9-2000_m8-2001,1,2005,NA
PRY,EPH,NA,m9-2000_m8-2001,1,2006,NA
PRY,EPH,NA,m9-2000_m8-2001,1,2007,NA
PRY,EPH,NA,m9-2000_m8-2001,1,2008,NA
PRY,EPH,NA,m9-2000_m8-2001,1,2009,NA
PRY,EPH,NA,m9-2000_m8-2001,1,2010,NA
PRY,EPH,NA,m9-2000_m8-2001,1,2011,NA
PRY,EPH,NA,m9-2000_m8-2001,1,2012,NA
PRY,EPH,NA,m9-2000_m8-2001,1,2013,NA
PRY,EPH,NA,m9-2000_m8-2001,1,2014,NA
PRY,EPH,NA,m9-2000_m8-2001,1,2015,NA
PRY,EPH,NA,m9-2000_m8-2001,1,2016,NA
PRY,EPH,NA,m9-2000_m8-2001,1,2017,NA
PRY,EPH,NA,m9-2000_m8-2001,1,2018,NA
PRY,EPH,NA,m9-2000_m8-2001,1,2019,NA
PRY,EPH,NA,m9-2000_m8-2001,1,2020,NA
PRY,EPH,NA,m9-2000_m8-2001,1,2021,NA
PRY,EPH,NA,m9-2000_m8-2001,1,2022,NA
PRY,EPH,NA,m8_m12,2,1986,NA
PRY,EPH,NA,m8_m12,2,1989,NA
PRY,EPH,NA,m8_m12,2,1990,NA
PRY,EPH,NA,m8_m12,2,1991,NA
PRY,EPH,NA,m8_m12,2,1992,NA
PRY,EPH,NA,m8_m12,2,1993,NA
PRY,EPH,NA,m8_m12,2,1994,NA
PRY,EPH,NA,m8_m12,2,1995,NA
PRY,EPH,NA,m8_m12,2,1996,NA
PRY,EPH,NA,m8_m12,2,1997,NA
PRY,EPH,NA,m8_m12,2,1998,NA
PRY,EPH,NA,m8_m12,2,1999,1
PRY,EPH,NA,m8_m12,2,2000,NA
PRY,EPH,NA,m8_m12,2,2001,NA
PRY,EPH,NA,m8_m12,2,2002,NA
PRY,EPH,NA,m8_m12,2,2003,1
PRY,EPH,NA,m8_m12,2,2004,NA
PRY,EPH,NA,m8_m12,2,2005,NA
PRY,EPH,NA,m8_m12,2,2006,NA
PRY,EPH,NA,m8_m12,2,2007,NA
PRY,EPH,NA,m8_m12,2,2008,NA
PRY,EPH,NA,m8_m12,2,2009,NA
PRY,EPH,NA,m8_m12,2,2010,NA
PRY,EPH,NA,m8_m12,2,2011,NA
PRY,EPH,NA,m8_m12,2,2012,NA
PRY,EPH,NA,m8_m12,2,2013,NA
PRY,EPH,NA,m8_m12,2,2014,NA
PRY,EPH,NA,m8_m12,2,2015,NA
PRY,EPH,NA,m8_m12,2,2016,NA
PRY,EPH,NA,m8_m12,2,2017,NA
PRY,EPH,NA,m8_m12,2,2018,NA
PRY,EPH,NA,m8_m12,2,2019,NA
PRY,EPH,NA,m8_m12,2,2020,NA
PRY,EPH,NA,m8_m12,2,2021,NA
PRY,EPH,NA,m8_m12,2,2022,NA
PRY,EPH,NA,m11_m12,2,1986,NA
PRY,EPH,NA,m11_m12,2,1989,NA
PRY,EPH,NA,m11_m12,2,1990,NA
PRY,EPH,NA,m11_m12,2,1991,NA
PRY,EPH,NA,m11_m12,2,1992,NA
PRY,EPH,NA,m11_m12,2,1993,NA
PRY,EPH,NA,m11_m12,2,1994,NA
PRY,EPH,NA,m11_m12,2,1995,NA
PRY,EPH,NA,m11_m12,2,1996,NA
PRY,EPH,NA,m11_m12,2,1997,NA
PRY,EPH,NA,m11_m12,2,1998,NA
PRY,EPH,NA,m11_m12,2,1999,NA
PRY,EPH,NA,m11_m12,2,2000,NA
PRY,EPH,NA,m11_m12,2,2001,NA
PRY,EPH,NA,m11_m12,2,2002,1
PRY,EPH,NA,m11_m12,2,2003,NA
PRY,EPH,NA,m11_m12,2,2004,NA
PRY,EPH,NA,m11_m12,2,2005,NA
PRY,EPH,NA,m11_m12,2,2006,1
PRY,EPH,NA,m11_m12,2,2007,NA
PRY,EPH,NA,m11_m12,2,2008,NA
PRY,EPH,NA,m11_m12,2,2009,NA
PRY,EPH,NA,m11_m12,2,2010,NA
PRY,EPH,NA,m11_m12,2,2011,NA
PRY,EPH,NA,m11_m12,2,2012,NA
PRY,EPH,NA,m11_m12,2,2013,NA
PRY,EPH,NA,m11_m12,2,2014,NA
PRY,EPH,NA,m11_m12,2,2015,NA
PRY,EPH,NA,m11_m12,2,2016,NA
PRY,EPH,NA,m11_m12,2,2017,NA
PRY,EPH,NA,m11_m12,2,2018,NA
PRY,EPH,NA,m11_m12,2,2019,NA
PRY,EPH,NA,m11_m12,2,2020,NA
PRY,EPH,NA,m11_m12,2,2021,NA
PRY,EPH,NA,m11_m12,2,2022,NA
PRY,EPH,NA,m8_m11,1,1986,NA
PRY,EPH,NA,m8_m11,1,1989,NA
PRY,EPH,NA,m8_m11,1,1990,NA
PRY,EPH,NA,m8_m11,1,1991,NA
PRY,EPH,NA,m8_m11,1,1992,NA
PRY,EPH,NA,m8_m11,1,1993,NA
PRY,EPH,NA,m8_m11,1,1994,NA
PRY,EPH,NA,m8_m11,1,1995,NA
PRY,EPH,NA,m8_m11,1,1996,NA
PRY,EPH,NA,m8_m11,1,1997,NA
PRY,EPH,NA,m8_m11,1,1998,NA
PRY,EPH,NA,m8_m11,1,1999,NA
PRY,EPH,NA,m8_m11,1,2000,NA
PRY,EPH,NA,m8_m11,1,2001,NA
PRY,EPH,NA,m8_m11,1,2002,NA
PRY,EPH,NA,m8_m11,1,2003,NA
PRY,EPH,NA,m8_m11,1,2004,1
PRY,EPH,NA,m8_m11,1,2005,NA
PRY,EPH,NA,m8_m11,1,2006,NA
PRY,EPH,NA,m8_m11,1,2007,NA
PRY,EPH,NA,m8_m11,1,2008,NA
PRY,EPH,NA,m8_m11,1,2009,NA
PRY,EPH,NA,m8_m11,1,2010,NA
PRY,EPH,NA,m8_m11,1,2011,NA
PRY,EPH,NA,m8_m11,1,2012,NA
PRY,EPH,NA,m8_m11,1,2013,NA
PRY,EPH,NA,m8_m11,1,2014,NA
PRY,EPH,NA,m8_m11,1,2015,NA
PRY,EPH,NA,m8_m11,1,2016,NA
PRY,EPH,NA,m8_m11,1,2017,NA
PRY,EPH,NA,m8_m11,1,2018,NA
PRY,EPH,NA,m8_m11,1,2019,NA
PRY,EPH,NA,m8_m11,1,2020,NA
PRY,EPH,NA,m8_m11,1,2021,NA
PRY,EPH,NA,m8_m11,1,2022,NA
PRY,EPH,NA,m10_m12,12,1986,NA
PRY,EPH,NA,m10_m12,12,1989,NA
PRY,EPH,NA,m10_m12,12,1990,NA
PRY,EPH,NA,m10_m12,12,1991,NA
PRY,EPH,NA,m10_m12,12,1992,NA
PRY,EPH,NA,m10_m12,12,1993,NA
PRY,EPH,NA,m10_m12,12,1994,NA
PRY,EPH,NA,m10_m12,12,1995,NA
PRY,EPH,NA,m10_m12,12,1996,NA
PRY,EPH,NA,m10_m12,12,1997,NA
PRY,EPH,NA,m10_m12,12,1998,NA
PRY,EPH,NA,m10_m12,12,1999,NA
PRY,EPH,NA,m10_m12,12,2000,NA
PRY,EPH,NA,m10_m12,12,2001,NA
PRY,EPH,NA,m10_m12,12,2002,NA
PRY,EPH,NA,m10_m12,12,2003,NA
PRY,EPH,NA,m10_m12,12,2004,NA
PRY,EPH,NA,m10_m12,12,2005,1
PRY,EPH,NA,m10_m12,12,2006,NA
PRY,EPH,NA,m10_m12,12,2007,1
PRY,EPH,NA,m10_m12,12,2008,1
PRY,EPH,NA,m10_m12,12,2009,1
PRY,EPH,NA,m10_m12,12,2010,1
PRY,EPH,NA,m10_m12,12,2011,1
PRY,EPH,NA,m10_m12,12,2012,1
PRY,EPH,NA,m10_m12,12,2013,1
PRY,EPH,NA,m10_m12,12,2014,1
PRY,EPH,NA,m10_m12,12,2015,1
PRY,EPH,NA,m10_m12,12,2016,1
PRY,EPH,NA,m10_m12,12,2017,1
PRY,EPH,NA,m10_m12,12,2018,NA
PRY,EPH,NA,m10_m12,12,2019,NA
PRY,EPH,NA,m10_m12,12,2020,NA
PRY,EPH,NA,m10_m12,12,2021,NA
PRY,EPH,NA,m10_m12,12,2022,NA
PRY,EPHC,NA,t4,3,1986,NA
PRY,EPHC,NA,t4,3,1989,NA
PRY,EPHC,NA,t4,3,1990,NA
PRY,EPHC,NA,t4,3,1991,NA
PRY,EPHC,NA,t4,3,1992,NA
PRY,EPHC,NA,t4,3,1993,NA
PRY,EPHC,NA,t4,3,1994,NA
PRY,EPHC,NA,t4,3,1995,NA
PRY,EPHC,NA,t4,3,1996,NA
PRY,EPHC,NA,t4,3,1997,NA
PRY,EPHC,NA,t4,3,1998,NA
PRY,EPHC,NA,t4,3,1999,NA
PRY,EPHC,NA,t4,3,2000,NA
PRY,EPHC,NA,t4,3,2001,NA
PRY,EPHC,NA,t4,3,2002,NA
PRY,EPHC,NA,t4,3,2003,NA
PRY,EPHC,NA,t4,3,2004,NA
PRY,EPHC,NA,t4,3,2005,NA
PRY,EPHC,NA,t4,3,2006,NA
PRY,EPHC,NA,t4,3,2007,NA
PRY,EPHC,NA,t4,3,2008,NA
PRY,EPHC,NA,t4,3,2009,NA
PRY,EPHC,NA,t4,3,2010,NA
PRY,EPHC,NA,t4,3,2011,NA
PRY,EPHC,NA,t4,3,2012,NA
PRY,EPHC,NA,t4,3,2013,NA
PRY,EPHC,NA,t4,3,2014,NA
PRY,EPHC,NA,t4,3,2015,NA
PRY,EPHC,NA,t4,3,2016,NA
PRY,EPHC,NA,t4,3,2017,NA
PRY,EPHC,NA,t4,3,2018,1
PRY,EPHC,NA,t4,3,2019,NA
PRY,EPHC,NA,t4,3,2020,1
PRY,EPHC,NA,t4,3,2021,1
PRY,EPHC,NA,t4,3,2022,1
PER,ENNIV,NA,a,2,1986,NA
PER,ENNIV,NA,a,2,1989,NA
PER,ENNIV,NA,a,2,1990,NA
PER,ENNIV,NA,a,2,1991,1
PER,ENNIV,NA,a,2,1992,NA
PER,ENNIV,NA,a,2,1993,NA
PER,ENNIV,NA,a,2,1994,1
PER,ENNIV,NA,a,2,1995,NA
PER,ENNIV,NA,a,2,1996,NA
PER,ENNIV,NA,a,2,1997,NA
PER,ENNIV,NA,a,2,1998,NA
PER,ENNIV,NA,a,2,1999,NA
PER,ENNIV,NA,a,2,2000,NA
PER,ENNIV,NA,a,2,2001,NA
PER,ENNIV,NA,a,2,2002,NA
PER,ENNIV,NA,a,2,2003,NA
PER,ENNIV,NA,a,2,2004,NA
PER,ENNIV,NA,a,2,2005,NA
PER,ENNIV,NA,a,2,2006,NA
PER,ENNIV,NA,a,2,2007,NA
PER,ENNIV,NA,a,2,2008,NA
PER,ENNIV,NA,a,2,2009,NA
PER,ENNIV,NA,a,2,2010,NA
PER,ENNIV,NA,a,2,2011,NA
PER,ENNIV,NA,a,2,2012,NA
PER,ENNIV,NA,a,2,2013,NA
PER,ENNIV,NA,a,2,2014,NA
PER,ENNIV,NA,a,2,2015,NA
PER,ENNIV,NA,a,2,2016,NA
PER,ENNIV,NA,a,2,2017,NA
PER,ENNIV,NA,a,2,2018,NA
PER,ENNIV,NA,a,2,2019,NA
PER,ENNIV,NA,a,2,2020,NA
PER,ENNIV,NA,a,2,2021,NA
PER,ENNIV,NA,a,2,2022,NA
PER,ENAHO,NA,t4,6,1986,NA
PER,ENAHO,NA,t4,6,1989,NA
PER,ENAHO,NA,t4,6,1990,NA
PER,ENAHO,NA,t4,6,1991,NA
PER,ENAHO,NA,t4,6,1992,NA
PER,ENAHO,NA,t4,6,1993,NA
PER,ENAHO,NA,t4,6,1994,NA
PER,ENAHO,NA,t4,6,1995,NA
PER,ENAHO,NA,t4,6,1996,NA
PER,ENAHO,NA,t4,6,1997,1
PER,ENAHO,NA,t4,6,1998,1
PER,ENAHO,NA,t4,6,1999,1
PER,ENAHO,NA,t4,6,2000,1
PER,ENAHO,NA,t4,6,2001,1
PER,ENAHO,NA,t4,6,2002,1
PER,ENAHO,NA,t4,6,2003,NA
PER,ENAHO,NA,t4,6,2004,NA
PER,ENAHO,NA,t4,6,2005,NA
PER,ENAHO,NA,t4,6,2006,NA
PER,ENAHO,NA,t4,6,2007,NA
PER,ENAHO,NA,t4,6,2008,NA
PER,ENAHO,NA,t4,6,2009,NA
PER,ENAHO,NA,t4,6,2010,NA
PER,ENAHO,NA,t4,6,2011,NA
PER,ENAHO,NA,t4,6,2012,NA
PER,ENAHO,NA,t4,6,2013,NA
PER,ENAHO,NA,t4,6,2014,NA
PER,ENAHO,NA,t4,6,2015,NA
PER,ENAHO,NA,t4,6,2016,NA
PER,ENAHO,NA,t4,6,2017,NA
PER,ENAHO,NA,t4,6,2018,NA
PER,ENAHO,NA,t4,6,2019,NA
PER,ENAHO,NA,t4,6,2020,NA
PER,ENAHO,NA,t4,6,2021,NA
PER,ENAHO,NA,t4,6,2022,NA
PER,ENAHO,NA,a,19,1986,NA
PER,ENAHO,NA,a,19,1989,NA
PER,ENAHO,NA,a,19,1990,NA
PER,ENAHO,NA,a,19,1991,NA
PER,ENAHO,NA,a,19,1992,NA
PER,ENAHO,NA,a,19,1993,NA
PER,ENAHO,NA,a,19,1994,NA
PER,ENAHO,NA,a,19,1995,NA
PER,ENAHO,NA,a,19,1996,NA
PER,ENAHO,NA,a,19,1997,NA
PER,ENAHO,NA,a,19,1998,NA
PER,ENAHO,NA,a,19,1999,NA
PER,ENAHO,NA,a,19,2000,NA
PER,ENAHO,NA,a,19,2001,NA
PER,ENAHO,NA,a,19,2002,NA
PER,ENAHO,NA,a,19,2003,1
PER,ENAHO,NA,a,19,2004,1
PER,ENAHO,NA,a,19,2005,1
PER,ENAHO,NA,a,19,2006,1
PER,ENAHO,NA,a,19,2007,1
PER,ENAHO,NA,a,19,2008,1
PER,ENAHO,NA,a,19,2009,1
PER,ENAHO,NA,a,19,2010,1
PER,ENAHO,NA,a,19,2011,1
PER,ENAHO,NA,a,19,2012,1
PER,ENAHO,NA,a,19,2013,1
PER,ENAHO,NA,a,19,2014,1
PER,ENAHO,NA,a,19,2015,1
PER,ENAHO,NA,a,19,2016,1
PER,ENAHO,NA,a,19,2017,1
PER,ENAHO,NA,a,19,2018,1
PER,ENAHO,NA,a,19,2019,1
PER,ENAHO,NA,a,19,2020,1
PER,ENAHO,NA,a,19,2021,1
PER,ENAHO,NA,a,19,2022,NA
SLV,EHPM,NA,a,27,1986,NA
SLV,EHPM,NA,a,27,1989,NA
SLV,EHPM,NA,a,27,1990,NA
SLV,EHPM,NA,a,27,1991,NA
SLV,EHPM,NA,a,27,1992,NA
SLV,EHPM,NA,a,27,1993,NA
SLV,EHPM,NA,a,27,1994,NA
SLV,EHPM,NA,a,27,1995,1
SLV,EHPM,NA,a,27,1996,1
SLV,EHPM,NA,a,27,1997,1
SLV,EHPM,NA,a,27,1998,1
SLV,EHPM,NA,a,27,1999,1
SLV,EHPM,NA,a,27,2000,1
SLV,EHPM,NA,a,27,2001,1
SLV,EHPM,NA,a,27,2002,1
SLV,EHPM,NA,a,27,2003,1
SLV,EHPM,NA,a,27,2004,1
SLV,EHPM,NA,a,27,2005,1
SLV,EHPM,NA,a,27,2006,1
SLV,EHPM,NA,a,27,2007,1
SLV,EHPM,NA,a,27,2008,1
SLV,EHPM,NA,a,27,2009,1
SLV,EHPM,NA,a,27,2010,1
SLV,EHPM,NA,a,27,2011,1
SLV,EHPM,NA,a,27,2012,1
SLV,EHPM,NA,a,27,2013,1
SLV,EHPM,NA,a,27,2014,1
SLV,EHPM,NA,a,27,2015,1
SLV,EHPM,NA,a,27,2016,1
SLV,EHPM,NA,a,27,2017,1
SLV,EHPM,NA,a,27,2018,1
SLV,EHPM,NA,a,27,2019,1
SLV,EHPM,NA,a,27,2020,1
SLV,EHPM,NA,a,27,2021,1
SLV,EHPM,NA,a,27,2022,1
URY,ECH,NA,s2,6,1986,NA
URY,ECH,NA,s2,6,1989,NA
URY,ECH,NA,s2,6,1990,1
URY,ECH,NA,s2,6,1991,1
URY,ECH,NA,s2,6,1992,1
URY,ECH,NA,s2,6,1993,1
URY,ECH,NA,s2,6,1994,1
URY,ECH,NA,s2,6,1995,NA
URY,ECH,NA,s2,6,1996,NA
URY,ECH,NA,s2,6,1997,NA
URY,ECH,NA,s2,6,1998,NA
URY,ECH,NA,s2,6,1999,NA
URY,ECH,NA,s2,6,2000,NA
URY,ECH,NA,s2,6,2001,NA
URY,ECH,NA,s2,6,2002,NA
URY,ECH,NA,s2,6,2003,NA
URY,ECH,NA,s2,6,2004,NA
URY,ECH,NA,s2,6,2005,NA
URY,ECH,NA,s2,6,2006,NA
URY,ECH,NA,s2,6,2007,NA
URY,ECH,NA,s2,6,2008,NA
URY,ECH,NA,s2,6,2009,NA
URY,ECH,NA,s2,6,2010,NA
URY,ECH,NA,s2,6,2011,NA
URY,ECH,NA,s2,6,2012,NA
URY,ECH,NA,s2,6,2013,NA
URY,ECH,NA,s2,6,2014,NA
URY,ECH,NA,s2,6,2015,NA
URY,ECH,NA,s2,6,2016,NA
URY,ECH,NA,s2,6,2017,NA
URY,ECH,NA,s2,6,2018,NA
URY,ECH,NA,s2,6,2019,NA
URY,ECH,NA,s2,6,2020,NA
URY,ECH,NA,s2,6,2021,1
URY,ECH,NA,s2,6,2022,NA
URY,ECH,NA,a,26,1986,NA
URY,ECH,NA,a,26,1989,NA
URY,ECH,NA,a,26,1990,NA
URY,ECH,NA,a,26,1991,NA
URY,ECH,NA,a,26,1992,NA
URY,ECH,NA,a,26,1993,NA
URY,ECH,NA,a,26,1994,NA
URY,ECH,NA,a,26,1995,1
URY,ECH,NA,a,26,1996,1
URY,ECH,NA,a,26,1997,1
URY,ECH,NA,a,26,1998,1
URY,ECH,NA,a,26,1999,1
URY,ECH,NA,a,26,2000,1
URY,ECH,NA,a,26,2001,1
URY,ECH,NA,a,26,2002,1
URY,ECH,NA,a,26,2003,1
URY,ECH,NA,a,26,2004,1
URY,ECH,NA,a,26,2005,1
URY,ECH,NA,a,26,2006,1
URY,ECH,NA,a,26,2007,1
URY,ECH,NA,a,26,2008,1
URY,ECH,NA,a,26,2009,1
URY,ECH,NA,a,26,2010,1
URY,ECH,NA,a,26,2011,1
URY,ECH,NA,a,26,2012,1
URY,ECH,NA,a,26,2013,1
URY,ECH,NA,a,26,2014,1
URY,ECH,NA,a,26,2015,1
URY,ECH,NA,a,26,2016,1
URY,ECH,NA,a,26,2017,1
URY,ECH,NA,a,26,2018,1
URY,ECH,NA,a,26,2019,1
URY,ECH,NA,a,26,2020,1
URY,ECH,NA,a,26,2021,NA
URY,ECH,NA,a,26,2022,1
VEN,EHM,NA,s2,26,1986,NA
VEN,EHM,NA,s2,26,1989,1
VEN,EHM,NA,s2,26,1990,NA
VEN,EHM,NA,s2,26,1991,1
VEN,EHM,NA,s2,26,1992,1
VEN,EHM,NA,s2,26,1993,1
VEN,EHM,NA,s2,26,1994,1
VEN,EHM,NA,s2,26,1995,1
VEN,EHM,NA,s2,26,1996,1
VEN,EHM,NA,s2,26,1997,1
VEN,EHM,NA,s2,26,1998,1
VEN,EHM,NA,s2,26,1999,1
VEN,EHM,NA,s2,26,2000,1
VEN,EHM,NA,s2,26,2001,1
VEN,EHM,NA,s2,26,2002,1
VEN,EHM,NA,s2,26,2003,1
VEN,EHM,NA,s2,26,2004,1
VEN,EHM,NA,s2,26,2005,1
VEN,EHM,NA,s2,26,2006,1
VEN,EHM,NA,s2,26,2007,1
VEN,EHM,NA,s2,26,2008,1
VEN,EHM,NA,s2,26,2009,1
VEN,EHM,NA,s2,26,2010,1
VEN,EHM,NA,s2,26,2011,1
VEN,EHM,NA,s2,26,2012,1
VEN,EHM,NA,s2,26,2013,1
VEN,EHM,NA,s2,26,2014,1
VEN,EHM,NA,s2,26,2015,1
VEN,EHM,NA,s2,26,2016,NA
VEN,EHM,NA,s2,26,2017,NA
VEN,EHM,NA,s2,26,2018,NA
VEN,EHM,NA,s2,26,2019,NA
VEN,EHM,NA,s2,26,2020,NA
VEN,EHM,NA,s2,26,2021,NA
VEN,EHM,NA,s2,26,2022,NA
VEN,ENCOVI,NA,a,5,1986,NA
VEN,ENCOVI,NA,a,5,1989,NA
VEN,ENCOVI,NA,a,5,1990,NA
VEN,ENCOVI,NA,a,5,1991,NA
VEN,ENCOVI,NA,a,5,1992,NA
VEN,ENCOVI,NA,a,5,1993,NA
VEN,ENCOVI,NA,a,5,1994,NA
VEN,ENCOVI,NA,a,5,1995,NA
VEN,ENCOVI,NA,a,5,1996,NA
VEN,ENCOVI,NA,a,5,1997,NA
VEN,ENCOVI,NA,a,5,1998,NA
VEN,ENCOVI,NA,a,5,1999,NA
VEN,ENCOVI,NA,a,5,2000,NA
VEN,ENCOVI,NA,a,5,2001,NA
VEN,ENCOVI,NA,a,5,2002,NA
VEN,ENCOVI,NA,a,5,2003,NA
VEN,ENCOVI,NA,a,5,2004,NA
VEN,ENCOVI,NA,a,5,2005,NA
VEN,ENCOVI,NA,a,5,2006,NA
VEN,ENCOVI,NA,a,5,2007,NA
VEN,ENCOVI,NA,a,5,2008,NA
VEN,ENCOVI,NA,a,5,2009,NA
VEN,ENCOVI,NA,a,5,2010,NA
VEN,ENCOVI,NA,a,5,2011,NA
VEN,ENCOVI,NA,a,5,2012,NA
VEN,ENCOVI,NA,a,5,2013,NA
VEN,ENCOVI,NA,a,5,2014,NA
VEN,ENCOVI,NA,a,5,2015,NA
VEN,ENCOVI,NA,a,5,2016,1
VEN,ENCOVI,NA,a,5,2017,1
VEN,ENCOVI,NA,a,5,2018,1
VEN,ENCOVI,NA,a,5,2019,NA
VEN,ENCOVI,NA,a,5,2020,1
VEN,ENCOVI,NA,a,5,2021,1
VEN,ENCOVI,NA,a,5,2022,NA
TTO,CSSP,restricted,a,17,1986,NA
TTO,CSSP,restricted,a,17,1989,NA
TTO,CSSP,restricted,a,17,1990,NA
TTO,CSSP,restricted,a,17,1991,NA
TTO,CSSP,restricted,a,17,1992,NA
TTO,CSSP,restricted,a,17,1993,NA
TTO,CSSP,restricted,a,17,1994,NA
TTO,CSSP,restricted,a,17,1995,NA
TTO,CSSP,restricted,a,17,1996,NA
TTO,CSSP,restricted,a,17,1997,NA
TTO,CSSP,restricted,a,17,1998,NA
TTO,CSSP,restricted,a,17,1999,1
TTO,CSSP,restricted,a,17,2000,1
TTO,CSSP,restricted,a,17,2001,1
TTO,CSSP,restricted,a,17,2002,1
TTO,CSSP,restricted,a,17,2003,1
TTO,CSSP,restricted,a,17,2004,1
TTO,CSSP,restricted,a,17,2005,1
TTO,CSSP,restricted,a,17,2006,1
TTO,CSSP,restricted,a,17,2007,1
TTO,CSSP,restricted,a,17,2008,1
TTO,CSSP,restricted,a,17,2009,1
TTO,CSSP,restricted,a,17,2010,1
TTO,CSSP,restricted,a,17,2011,1
TTO,CSSP,restricted,a,17,2012,1
TTO,CSSP,restricted,a,17,2013,1
TTO,CSSP,restricted,a,17,2014,1
TTO,CSSP,restricted,a,17,2015,1
TTO,CSSP,restricted,a,17,2016,NA
TTO,CSSP,restricted,a,17,2017,NA
TTO,CSSP,restricted,a,17,2018,NA
TTO,CSSP,restricted,a,17,2019,NA
TTO,CSSP,restricted,a,17,2020,NA
TTO,CSSP,restricted,a,17,2021,NA
TTO,CSSP,restricted,a,17,2022,NA
SUR,SLC,restricted,m10_m9,1,1986,NA
SUR,SLC,restricted,m10_m9,1,1989,NA
SUR,SLC,restricted,m10_m9,1,1990,NA
SUR,SLC,restricted,m10_m9,1,1991,NA
SUR,SLC,restricted,m10_m9,1,1992,NA
SUR,SLC,restricted,m10_m9,1,1993,NA
SUR,SLC,restricted,m10_m9,1,1994,NA
SUR,SLC,restricted,m10_m9,1,1995,NA
SUR,SLC,restricted,m10_m9,1,1996,NA
SUR,SLC,restricted,m10_m9,1,1997,NA
SUR,SLC,restricted,m10_m9,1,1998,NA
SUR,SLC,restricted,m10_m9,1,1999,NA
SUR,SLC,restricted,m10_m9,1,2000,NA
SUR,SLC,restricted,m10_m9,1,2001,NA
SUR,SLC,restricted,m10_m9,1,2002,NA
SUR,SLC,restricted,m10_m9,1,2003,NA
SUR,SLC,restricted,m10_m9,1,2004,NA
SUR,SLC,restricted,m10_m9,1,2005,NA
SUR,SLC,restricted,m10_m9,1,2006,NA
SUR,SLC,restricted,m10_m9,1,2007,NA
SUR,SLC,restricted,m10_m9,1,2008,NA
SUR,SLC,restricted,m10_m9,1,2009,NA
SUR,SLC,restricted,m10_m9,1,2010,NA
SUR,SLC,restricted,m10_m9,1,2011,NA
SUR,SLC,restricted,m10_m9,1,2012,NA
SUR,SLC,restricted,m10_m9,1,2013,NA
SUR,SLC,restricted,m10_m9,1,2014,NA
SUR,SLC,restricted,m10_m9,1,2015,NA
SUR,SLC,restricted,m10_m9,1,2016,NA
SUR,SLC,restricted,m10_m9,1,2017,1
SUR,SLC,restricted,m10_m9,1,2018,NA
SUR,SLC,restricted,m10_m9,1,2019,NA
SUR,SLC,restricted,m10_m9,1,2020,NA
SUR,SLC,restricted,m10_m9,1,2021,NA
SUR,SLC,restricted,m10_m9,1,2022,NA
GUY,LFS,public,t4,4,1986,NA
GUY,LFS,public,t4,4,1989,NA
GUY,LFS,public,t4,4,1990,NA
GUY,LFS,public,t4,4,1991,NA
GUY,LFS,public,t4,4,1992,NA
GUY,LFS,public,t4,4,1993,NA
GUY,LFS,public,t4,4,1994,NA
GUY,LFS,public,t4,4,1995,NA
GUY,LFS,public,t4,4,1996,NA
GUY,LFS,public,t4,4,1997,NA
GUY,LFS,public,t4,4,1998,NA
GUY,LFS,public,t4,4,1999,NA
GUY,LFS,public,t4,4,2000,NA
GUY,LFS,public,t4,4,2001,NA
GUY,LFS,public,t4,4,2002,NA
GUY,LFS,public,t4,4,2003,NA
GUY,LFS,public,t4,4,2004,NA
GUY,LFS,public,t4,4,2005,NA
GUY,LFS,public,t4,4,2006,NA
GUY,LFS,public,t4,4,2007,NA
GUY,LFS,public,t4,4,2008,NA
GUY,LFS,public,t4,4,2009,NA
GUY,LFS,public,t4,4,2010,NA
GUY,LFS,public,t4,4,2011,NA
GUY,LFS,public,t4,4,2012,NA
GUY,LFS,public,t4,4,2013,NA
GUY,LFS,public,t4,4,2014,NA
GUY,LFS,public,t4,4,2015,NA
GUY,LFS,public,t4,4,2016,NA
GUY,LFS,public,t4,4,2017,1
GUY,LFS,public,t4,4,2018,1
GUY,LFS,public,t4,4,2019,1
GUY,LFS,public,t4,4,2020,NA
GUY,LFS,public,t4,4,2021,1
GUY,LFS,public,t4,4,2022,NA
Total,NA,NA,NA,558,1986,1
Total,NA,NA,NA,558,1989,3
Total,NA,NA,NA,558,1990,10
Total,NA,NA,NA,558,1991,11
Total,NA,NA,NA,558,1992,13
Total,NA,NA,NA,558,1993,13
Total,NA,NA,NA,558,1994,14
Total,NA,NA,NA,558,1995,15
Total,NA,NA,NA,558,1996,17
Total,NA,NA,NA,558,1997,16
Total,NA,NA,NA,558,1998,16
Total,NA,NA,NA,558,1999,17
Total,NA,NA,NA,558,2000,18
Total,NA,NA,NA,558,2001,18
Total,NA,NA,NA,558,2002,20
Total,NA,NA,NA,558,2003,20
Total,NA,NA,NA,558,2004,20
Total,NA,NA,NA,558,2005,21
Total,NA,NA,NA,558,2006,21
Total,NA,NA,NA,558,2007,19
Total,NA,NA,NA,558,2008,19
Total,NA,NA,NA,558,2009,20
Total,NA,NA,NA,558,2010,18
Total,NA,NA,NA,558,2011,20
Total,NA,NA,NA,558,2012,22
Total,NA,NA,NA,558,2013,20
Total,NA,NA,NA,558,2014,21
Total,NA,NA,NA,558,2015,18
Total,NA,NA,NA,558,2016,18
Total,NA,NA,NA,558,2017,18
Total,NA,NA,NA,558,2018,17
Total,NA,NA,NA,558,2019,15
Total,NA,NA,NA,558,2020,15
Total,NA,NA,NA,558,2021,14
Total,NA,NA,NA,558,2022,9
